geography,total_electricity
G3101090,2356132355.673459
G4600650,134794048.53006262
G1701350,183614659.15821812
G5300070,850653464.3589633
G2601050,199019520.4343119
G5105100,1437994189.3677087
G2101110,6686861177.384949
G2100430,203577463.02228314
G3800190,53021898.92745134
G1600450,112431718.66743787
G3400350,1941104907.3022394
G0101230,318207961.919286
G3400130,4536465611.268787
G2901230,112781029.6604912
G2801630,163204514.28582153
G2500150,752572604.5185319
G1800950,866309139.4246973
G3800390,73129360.28385127
G4804910,3643958406.731728
G5106600,334830298.2912263
G5000150,113308725.34305277
G2700270,379390386.94115454
G2800210,84151727.54108813
G1600850,172083303.7287743
G2900670,91267868.2841174
G1800430,533695275.318683
G4001290,22117217.919852864
G2901610,334577655.7861471
G3100670,178546819.66753912
G3300110,2265452398.5835185
G2902210,183531362.83425614
G4800070,268179192.11417127
G3800670,57086216.23885544
G1303030,130787052.56469332
G2701250,17381426.23017349
G3400030,4833763467.539897
G2901770,125786493.49277896
G2102350,276274056.38334167
G3800790,78835399.85147984
G4701270,37469951.19234509
G4700070,87072622.09718436
G4000290,53528229.49069997
G1900330,328491230.0731612
G3100690,13885125.211164532
G5401050,42524816.19887527
G3800450,46582760.59161235
G5100970,37102853.396749645
G0101150,621930174.8161898
G4802450,2226244275.00745
G5501370,130711466.34804806
G4200870,365482730.13574713
G2201150,330097410.8981042
G2900530,125439141.36087236
G5105900,447445045.4512222
G2400410,370373083.3108285
G3101470,66800556.84888588
G2101170,1403486064.110713
G2901570,136286015.4548386
G4000630,79794759.82655402
G2601090,116742359.48377872
G1302770,373820194.918987
G4100450,211388834.5812972
G4900530,912245017.1081233
G3500570,71335969.84635663
G0600650,12600160212.464104
G1701250,98044343.24445994
G2600870,398132456.2811166
G3700910,167250827.69060665
G0100530,242138081.73971894
G2101470,151873770.6593991
G2800090,59348004.54214565
G4802570,833262511.241091
G1701510,32056066.531261705
G2700930,118503471.3807117
G2001350,18550258.00897548
G2801170,209580387.0018697
G1302850,495276454.4193572
G1300530,41734294.06702082
G1900710,52808417.80861869
G4000770,90456693.47126478
G4700990,291017407.1586717
G3900530,199774246.33184594
G4800990,456310247.79898936
G1201050,5208434490.964436
G1700250,70952117.16834295
G1200290,123333671.04030088
G5107200,117579090.97299676
G1801790,204251766.02486062
G4600970,13259364.253499523
G1800090,83098920.48728901
G2800790,159671316.97569352
G0801110,15196207.2616673
G0800590,3049772414.5593886
G1801290,149723867.6048547
G4802770,435077471.9961207
G2901130,434232257.7184473
G1700810,280008808.7997231
G4802270,243783304.7471799
G0500310,810450478.9282023
G4600510,69544464.94636708
G3600670,3722547923.109302
G1900730,55769529.768945456
G4900490,2286708527.262558
G2101890,33421638.50598269
G2000870,109902509.48714325
G2101610,170382173.65111274
G3900670,86353593.52899598
G2200650,59814588.86551946
G5108300,126780004.86390942
G1701110,1525823493.0546873
G2000410,180136550.16634783
G0600870,1251971422.5708642
G1300570,1390422405.4552646
G3600330,295843441.5433698
G4500670,295078813.64111155
G5501050,996304243.3687985
G4801750,70419523.7993688
G2600090,160508412.99687657
G3500450,552894532.718202
G4801690,43252503.87852149
G2800770,73654094.36257727
G4802530,110085577.67126335
G3100830,29367309.76446445
G2100450,97482164.61777116
G4804270,416730822.0933401
G5101470,132855121.8860302
G5400910,102419379.14841548
G0800150,98597603.23370793
G3101450,72131727.03995343
G5100710,105133847.0296707
G2405100,4528338833.299047
G0100730,6876778283.274002
G2100810,176217017.5831474
G2101290,56939792.8646379
G2900030,115149340.9957356
G2200290,140618620.336115
G0600850,9025783660.582169
G5500130,118273175.3392289
G3000710,35771148.79460674
G2801350,77965371.51093951
G4900070,91085382.49376538
G1800530,412135300.1545116
G2900590,132068888.396728
G2200030,163011361.5712591
G0501250,849569988.6037172
G3901110,67398650.71153568
G4802490,291320538.7328093
G4800110,7466022.282985582
G3500410,83659769.74864456
G2100250,94421110.47540478
G0800910,32402772.675414495
G1800230,143643058.55887192
G1600610,22801619.119074125
G1200790,163709315.09838173
G2100870,81725222.57133184
G1801690,211998034.07021815
G3900370,323825827.5144588
G0800170,11790521.452127328
G2001770,1488592749.1219504
G3000010,51940370.86632374
G2600930,936347442.0828577
G4701590,140086847.01154566
G3100230,68572954.58988208
G2200050,725730981.0963025
G3901050,104318819.69995545
G3900910,299526730.7355031
G2100990,125432838.64726469
G2101690,69926910.2062302
G1200650,100208583.61686805
G5300570,643897402.213
G0501230,177120189.4472787
G4803810,783121216.1477605
G3701650,349810278.9001038
G1200950,11534725558.407326
G4801630,99540887.69718826
G4804250,70124411.37548754
G0201700,101144706.95272823
G0800030,68257167.78223014
G3600890,624849212.7492353
G0801010,1160905643.9351563
G1700910,603262725.2756543
G1302330,257087968.20113674
G4701630,1666650232.0884376
G5300530,5892248587.791608
G0101190,82877934.22504295
G1200210,3223015759.934673
G0202200,3468549.7956948373
G0100170,245867139.84429228
G3900110,259546024.7903061
G0200500,19090494.6579028
G2001850,22084363.406191822
G2600430,157354741.7806564
G2800310,125518405.11173123
G1300970,1050724263.11689
G4600090,43344827.375732385
G2800410,75265760.77376004
G2900870,44484828.20646527
G2201050,926289941.0813049
G2000550,196490773.90881696
G2102150,95057420.62584066
G4500450,4015537729.342244
G1801530,142979503.9718453
G3700490,814286731.769032
G1901330,52358974.90652262
G1700550,316074203.30822533
G5300490,227869750.2442637
G1600070,35705534.5085085
G4804630,176129592.87424564
G3100010,247779310.0607465
G2200170,2602872784.520516
G4601370,12586506.11810205
G5300030,126434648.53772125
G3600370,339855014.702308
G4701370,42720814.44625305
G5101630,167496159.10879883
G1200050,1961657213.6418414
G4701230,412361100.8249555
G2001270,56895119.56731468
G1901770,47081083.27209336
G2801470,121876000.69440301
G2101270,121984805.28017083
G1801330,215683385.1528181
G0900110,1679415499.5210009
G1700230,99222614.36542687
G1800350,733042723.8743944
G0100130,167866906.72630158
G1600470,103916047.24186523
G4800390,2363977780.209357
G5105150,20074010.647123527
G3000270,123864755.10955158
G5106850,70572631.07720876
G4200770,2886608725.609729
G1701790,924140092.299686
G4800050,622546769.2423207
G1300690,338872969.3591666
G1200030,334808725.19981754
G4200810,845552676.0593586
G3400310,2245039870.650572
G0800570,5550977.105886092
G1200370,115949929.4989569
G0800690,1785773792.3076828
G0600970,2863015712.128174
G3700970,1367811027.492828
G3000810,286183138.9351219
G2600710,70865689.29589936
G3400330,384052728.33499455
G4600230,69012018.76880638
G4500110,177398283.16504136
G1900570,261047606.86122116
G3400270,3240616614.9814057
G3900990,1542333337.7168403
G2901390,144053820.12950048
G3700130,303346091.80255437
G3500280,77701215.33832489
G3800710,95120639.92697218
G2701570,109721150.26025206
G0800730,19487032.827039897
G2000130,69573080.89232236
G1302790,236617237.01496404
G0801130,54232138.62687532
G4201090,303995180.6621028
G3000790,4608852.298073582
G4801190,38197882.68364501
G1900350,98095542.65855534
G2400110,231948536.92740422
G2300150,198212735.18944097
G4701750,32220386.640365288
G4804430,12713701.091640841
G4804210,14559247.63392737
G3000450,20199086.605191816
G3701750,271867238.0838454
G0100310,397177377.96244943
G1901530,3470120705.3922625
G4801030,33399185.181429267
G4801230,163866886.06711844
G4700570,151996248.42485285
G4601050,21537256.318119965
G2300130,210777307.94185442
G2701310,322791353.29536915
G1600590,60698586.88276
G4900250,53897856.89679376
G4803210,280839322.3423501
G4701030,238668131.6363378
G0400210,2423352019.7098475
G4801830,1093247913.5730782
G4801070,49630899.746383056
G2100770,56990345.27814928
G2000930,14318087.098249381
G3800310,29741494.231000446
G3800510,28862654.950997658
G2000730,50127229.17120168
G3100730,21403375.34927271
G4100510,5529404229.493309
G4801670,2667303832.5524898
G3701270,710856173.791784
G1200850,1271320716.713549
G5400290,178846088.9323933
G4600930,116255946.31647876
G5100450,44518807.182656854
G4800130,357494406.096121
G3500530,82560847.27533647
G4802030,478793786.6332656
G2102390,190191788.33890265
G0200900,126657415.4884765
G4000670,66635964.96067929
G0101030,989493079.5397046
G0600990,3441978591.388629
G4803730,364641752.66082704
G0100370,105606050.82428287
G0500990,74925858.89624542
G5400170,36856804.342750676
G1302710,143004033.3648173
G2801010,141901074.21699253
G5400630,100573681.78295611
G4601010,46710286.66033935
G4601170,20485800.306805763
G4900510,102386945.2304126
G4500090,102340640.86963779
G3500250,365880812.499046
G5500170,366849637.05264884
G3900710,306611157.7336406
G2600250,768503786.0687833
G0501070,209447144.58735514
G1303130,725219818.2539753
G4600810,158875286.79556096
G2600410,209173914.8903565
G3901170,171394099.68541178
G4802710,12950424.937555403
G2001730,4200462611.704893
G4700590,565959306.0137264
G3800870,4285817.590987314
G3600930,906907604.0241683
G3701030,62015794.519746765
G3800610,42244953.83645873
G2100690,88355397.3902663
G1100010,6625955188.936114
G3601130,559223413.762348
G1901290,85164067.2492412
G4701430,216865458.8217554
G1901490,163721921.83927888
G1800810,966635124.9015157
G3000590,11214913.56612912
G2800430,146068416.82520553
G3701690,342460591.6543919
G4700470,264109717.63916692
G4802190,139586557.16405812
G2700830,157904276.45328102
G0202400,5782969.719760064
G4001210,379054962.04985166
G1201170,3555165499.4303446
G3600650,1368784194.3054671
G2700710,120924203.25410503
G2101150,155651728.78087986
G2300270,173736795.71056372
G2001470,33935321.036730126
G2000470,22090155.365675464
G2102330,85642342.59298927
G5500350,720397098.2155235
G0600810,3249011376.977851
G3700950,49392912.57779883
G4801090,21799224.11271958
G1200390,345225620.23252535
G5100930,226077644.81136644
G4500190,3781990453.465466
G1800490,119775821.73535727
G4800470,75786290.83647564
G2800670,499707620.1911795
G2901070,224847215.34552157
G3900410,1148565784.701843
G4000510,422276201.0479251
G1700690,28383149.612485245
G1300890,5265432567.191181
G3600090,480107178.52710783
G2001710,25714941.24004423
G3900150,303735811.6096688
G1300510,2715064395.0746717
G3700410,128498336.28026639
G2901430,146980720.26616892
G2000150,361397250.07615757
G3700370,487815685.6447705
G4802230,262178220.57107013
G1301310,150601384.87978002
G3000850,54148393.32472704
G2900750,39846210.58493651
G2700110,62419749.74766232
G3701870,79383952.46731578
G5300710,457033461.74615765
G3001110,954938762.8713574
G2400150,709117449.4616406
G5105700,194755210.12099314
G2700990,210023127.34977093
G5000050,128546130.01646592
G0500610,106865719.46280372
G2701330,37672221.95856254
G4600170,5833458.2993555395
G3100850,8085315.418334976
G4100670,2901800302.0801687
G2600750,872207046.3942107
G5300650,336022731.3709833
G0501150,482801000.9783448
G4802010,37695278128.19236
G2001550,445853856.0975495
G2700070,314385030.7559716
G5100590,8491631270.149174
G0800390,125176233.31528993
G1600770,33021533.25139438
G3300170,566980932.8441737
G1600650,186393276.04761934
G0600570,541879850.404657
G4100050,2289134953.0079823
G5500910,30376945.214090675
G3100510,34230028.42216983
G2900150,233768848.8168298
G2300110,723082617.697474
G4200270,910111438.4067022
G2900070,168123650.74827287
G1901870,238734117.04220673
G2100710,279692054.34297764
G1200630,359366549.19455814
G3101410,226538148.55836278
G3901070,251382448.50839671
G1700070,235976546.02275747
G4701150,185845233.79618332
G2700790,144351372.22421822
G4500690,214266771.1027013
G1801050,976193057.224088
G4500590,515585132.0449785
G4900370,51620231.39937063
G1800050,574308146.1992104
G1302870,88764612.5162696
G0800070,82201119.58298865
G4800750,43381261.089395
G2200690,274906322.81140715
G5600250,454644821.51925397
G1200530,1440305576.0331774
G2901350,102294800.88599645
G3000370,3801156.66535499
G1801570,1042695787.459008
G1700990,564635641.9888935
G4801930,67288832.04917596
G2000270,73600258.18523352
G2201090,746898852.7512574
G1201030,9213749289.315525
G2000110,99854754.0186385
G2900930,67619800.49803951
G5101350,163397443.64661503
G4701010,75820018.53365806
G3000870,67902823.31174625
G0800230,20149300.47347256
G3700870,494076831.99550515
G5500970,354513317.1999831
G5400390,2031075905.0993109
G1901170,67119991.34307113
G2400170,1208301525.7935925
G2100170,187479025.70125806
G5107000,1512041020.3012173
G0800290,142918619.69069874
G5500150,235102624.30227464
G1200130,120347479.91575602
G4803710,90780692.18885155
G3200030,16598112931.029411
G3500590,30033619.976404957
G4200730,637720783.0725663
G1302530,77845171.71194097
G5300410,655216125.197043
G0600290,4992912996.257757
G2200770,168994804.65224934
G1200670,57406546.32424994
G5101670,243337384.94557548
G1800870,145608719.32292908
G3101290,47265410.18997541
G1600230,16203789.068837864
G1900530,50828064.30755258
G5500070,107717638.2204702
G1900590,183995022.88339335
G4001270,94435400.69476949
G1600210,120088367.38437147
G2801430,372783713.1673037
G4804470,14794991.62113278
G3800930,192126496.49616975
G5600170,20261316.846986577
G1800690,220818285.22215292
G2900470,2005067307.5515628
G2700510,36247017.690883726
G2701230,3077090322.1086254
G1301210,9770305678.853989
G2700650,79365942.48342025
G1200170,1178829962.8111327
G2901750,227432999.68977797
G1301010,35061225.0514579
G1701010,71963517.25694564
G1700790,61856277.10727232
G0500410,110441207.01056138
G2800630,52805638.26356284
G1300370,35761985.55453971
G2000290,59820930.71763805
G0100790,255161780.9039179
G1701230,57864377.95620497
G5100290,98910179.05962345
G0400270,1513392315.6641712
G3000410,73847666.23285446
G0500430,122075445.9355075
G2101450,604700562.6469688
G3701810,325954322.73903424
G2800490,2396992268.7869663
G0100430,695350606.0165277
G2101210,233547490.9320666
G0601090,336328622.9409046
G0500590,232312121.25315654
G1300190,117776495.08691864
G1800390,1067926423.7515798
G3901750,113307104.23647662
G3700550,444787419.88492507
G4700130,308265490.9202097
G2900090,241509781.45491838
G2101510,638506870.1437047
G2701410,434832738.9295707
G2701530,127657298.59322673
G2902050,43476603.75199492
G1900270,111099134.90873578
G0800930,103586063.49674651
G4700550,205782387.80990773
G4500770,871269645.8258226
G4200830,215773968.65943068
G1302410,167049521.03980926
G4000690,73754453.46907943
G4100370,71803793.36675268
G4000450,30381813.49365569
G1900070,92006582.5124294
G0100930,245738433.9705656
G2400130,1298332443.3405886
G1801650,107604820.18548667
G2901710,22231263.404434163
G5101370,239295664.65756378
G4800950,18615458.410953477
G4802950,16667723.13471069
G1302830,69211955.6999976
G4802050,27679698.511096235
G1300070,32317547.99128282
G4700510,339883544.62819326
G5600430,50552413.06573706
G4802130,670025356.4723763
G5501270,576950238.7673959
G2100490,278970492.96275556
G1700770,520619550.09061956
G1301730,69562540.96322823
G2701090,1091951634.6347392
G4801390,1375931721.315883
G4802470,42277601.449107975
G2200090,292416433.1715934
G0100670,167770594.02123752
G2801410,155646384.26897272
G2500230,2484431379.113851
G5300190,84536187.1943649
G0800470,111055247.2721127
G2000650,31940820.278469637
G4200190,1161422418.2509327
G4100250,60885627.61846621
G4801870,1075074890.8540027
G0800970,123047089.67382771
G2800370,56459629.41457628
G3900790,189322593.70017162
G5300510,134853407.41913518
G3701730,116796127.37099722
G4701510,133489859.5161455
G0100230,99196380.33963512
G4700390,107718488.3578882
G5101410,130831723.17429355
G1200750,321467152.8158038
G3100550,4266906984.297024
G1900510,49220467.522247314
G3800830,15921933.518526632
G1201090,1669740146.656989
G0500210,141371596.59928197
G0600110,81704947.652216
G2001670,42364971.85541611
G0200200,970578227.3605719
G2400210,2169267708.1137357
G1201010,3983414351.9617987
G5500730,679529083.579758
G5600190,45107325.51259434
G3400010,2002389014.4936175
G3100250,182626255.53922534
G2601610,1988352165.5944538
G2900130,132067371.93548408
G1303050,230617609.29298088
G1900450,240971492.3602519
G3700710,1725586330.0690343
G4804010,364292854.6953316
G4804190,199126087.2777102
G3000910,27823881.795583077
G1901410,98467707.32540932
G4201070,914627456.6669257
G0100190,239291417.25606385
G2700750,79934434.05281861
G4100410,385704857.5479675
G2700850,272214251.6102059
G5400950,47773801.74235757
G5600310,46561014.570906445
G4804350,22114926.42815211
G0400030,763599142.7380757
G4601150,69016738.28953949
G4001030,78771670.61207865
G3100350,37181140.24254331
G1700030,41584222.75952697
G3500030,30270082.665794995
G4801550,16318529.563514935
G3600110,445815143.91993755
G2101630,180217424.6424328
G4600830,271331649.9096015
G3901410,498416282.8693686
G3900230,887060108.3752453
G0600250,1196840522.8455112
G0100890,3073236242.397747
G0100810,1035371104.7251866
G5101330,120744810.37221782
G2101090,135287290.09834808
G1300250,121199667.7876072
G2000250,36792248.18596669
G1301070,130731406.71610667
G1900690,58718479.06921351
G1800270,212175555.87730688
G4700830,70273695.41145685
G4804710,401840675.02180535
G3800270,25709579.39648399
G3900590,349740355.95916855
G4000150,239903786.62269044
G1801770,586704511.4434894
G1701890,121606366.61658446
G2600670,280222508.1004083
G1600330,3719601.2548748064
G1600630,20788390.381513804
G4804370,49029639.92409586
G3901030,917323018.4904572
G2901970,26524128.838255852
G3600310,330008766.4317564
G4800670,253160068.47690058
G3000110,35654166.44267844
G2000330,10594800.079728397
G3700770,336573308.18331206
G0600790,1421852090.0475702
G4701450,407860440.3980625
G4500650,86100827.91572605
G0201220,70108895.72828883
G4000390,240770975.00472438
G0100050,221885394.87864053
G3901390,842984954.504719
G5500950,281504285.498084
G0500530,152566518.96735266
G0800350,1595569119.8665714
G2601350,85862530.31667504
G3600150,458332594.07146335
G3901190,501488792.83941436
G2000570,168776257.2904443
G4802970,111208120.42266533
G4400090,782862045.894458
G2001590,61177186.73807527
G4100110,376912971.55697703
G1900390,53167594.70589059
G4500250,336786380.0098717
G4701390,132609285.62520167
G2500210,3810603977.709131
G4803690,54723783.23540158
G5101030,110449733.91780841
G4900550,14064863.343981896
G4900090,10742594.144613162
G0400050,788669060.2077364
G5100050,162369488.4837535
G1200770,57802428.57624757
G4804290,69548469.09937292
G4800790,20477082.033020843
G2701210,78823565.42317155
G1701690,74923278.28840366
G2001290,18313272.313480698
G4802630,4714581.859527012
G3200150,34714716.20635125
G1900850,83208798.57589738
G2300210,119538376.43644162
G4001490,106822880.08343828
G0600830,1771024208.1573732
G5000170,132469371.61106029
G3901130,4284374623.7332044
G4000850,199461940.41074222
G2100370,722808914.6562234
G4200230,51517335.12166444
G3200270,30212736.0029277
G1200470,74902007.97317943
G5107600,2313832799.325197
G3100290,28144128.35829457
G2200470,195771975.91103703
G2800350,501007266.5973377
G4701770,304276414.2370301
G4001090,7851957505.771519
G4000550,35633018.42276782
G0900090,4925996823.6068
G2600810,3555353364.4282937
G4001450,509588044.7096382
G1301710,126194843.34721044
G0500830,170393956.0838926
G2800690,51028279.4115942
G1200190,1523932927.334295
G4000410,397097579.17425597
G2300090,347744179.84335697
G3701290,2323334793.863846
G3300050,381744095.3537564
G0100990,167674383.59108558
G5300090,565165396.6480501
G2200710,4742804370.405643
G4100290,1319366469.7042036
G5501090,485197157.9188845
G0600210,146938760.18526173
G3600570,289203270.7246722
G2200610,283442544.78394204
G0800370,234836025.36997885
G1301110,254058408.75475484
G2400470,752020608.8182232
G4801590,89015383.36026742
G2600170,541918448.2735939
G4804490,223981489.90913653
G1300170,111745261.42250547
G1300030,45747685.00930913
G4500490,162284355.00461665
G2801070,288676824.9765891
G1901610,90570638.72172745
G2001890,40975486.2088936
G1303150,68214090.81913397
G0101290,104814959.5209597
G3901630,74461937.15980202
G1302570,206590193.9947362
G2000590,229362814.1475715
G2900010,167597627.42819697
G4000310,972042924.154108
G2700350,468216365.22327983
G4802510,1241456525.5665138
G4804670,372840634.2121376
G2601510,223016106.81314456
G1700890,2601238388.9168453
G1801210,108064872.74674472
G3601050,431208965.7294673
G3600030,230532016.9295448
G1300950,886590564.6264613
G2000210,135438112.925703
G1901710,104627663.35123785
G1701730,121780328.09142433
G3800370,36667776.39137291
G1901570,127742160.61010163
G3701010,1358971195.0619469
G3600590,7225099769.650394
G1301190,145312400.48170266
G2901950,157370783.50512785
G3701790,1344131594.094862
G0100330,581991423.8342764
G2600790,78733869.45590346
G4500430,577320723.725559
G1301990,172311850.66591257
G4803850,36864257.89213656
G0600330,328040165.5115672
G4600850,26489573.198072057
G2901190,136605640.52299985
G2002030,15067449.515160967
G4001130,359966718.0781975
G2000970,22177387.356313635
G1900910,60774329.15180626
G5300010,85674031.02106473
G2800250,130505315.70567872
G2001630,38516097.95724528
G4500730,698919967.0774319
G3101590,108399526.66349909
G0101130,383832954.10403144
G2600830,22016543.059919488
G5501070,85869497.9411298
G4600710,21793420.59919765
G4802750,24147199.30313909
G0900070,979963080.2099303
G1701090,182703256.13720763
G4800710,329343051.62642765
G1700370,573260484.7580816
G4804090,548751674.9530218
G4900150,40372920.82950023
G4803090,2049400486.1825647
G3700190,1157995505.847413
G2600570,153188198.70763814
G2600550,468387473.31210846
G4700410,147822787.8977443
G1300150,814145541.578788
G4600270,113689879.61476485
G3700390,222653130.037615
G3700090,229489891.17945266
G2800890,824634908.3167464
G3701510,1200442313.2340627
G0600530,1618254716.5941358
G0201640,1575205.0128491092
G4000210,358669259.4976743
G3100170,28891299.221542455
G1801710,37536403.36714538
G2801590,130944340.73813519
G3101630,20210474.65167094
G4200430,2435881527.6687894
G5600010,214380077.2090181
G2102290,87566706.63554882
G4802690,3106106.517170783
G2102190,115785277.30167687
G5100770,144620196.6103942
G4803970,681351850.5678432
G2600490,2476794466.4362965
G0202700,1512910.8927692268
G5100530,172301336.09288406
G0201000,3906895.1302419826
G2000010,120992799.90603861
G2001570,49665552.65031297
G2101050,33664930.61248023
G3100050,3726890.233470112
G2901250,54068871.55563634
G1901830,108837175.45638251
G5107300,288714580.2229987
G0601110,4231394670.298415
G2601590,408635682.289819
G0600610,2364095217.17424
G1301430,196074161.09496272
G4701670,389776553.29525673
G3101390,75500032.24357736
G1300470,459958155.74284035
G2100670,2735284469.342664
G4201010,10297299678.864796
G2800510,111595301.95288768
G2001030,544261281.6022811
G1900290,88841279.11377133
G4200370,486047194.8397088
G5500790,6617111712.58061
G2100590,712761811.2922748
G4001050,79172125.8023918
G5106100,103527669.49473038
G4100570,219766626.7439134
G2100010,140269917.9495786
G1700650,56403874.65648343
G2601310,45915013.98673952
G1301050,156205088.55291572
G5500750,256264650.93024984
G4804830,31330737.616548687
G2001190,35683943.90204499
G2100310,77058461.46124026
G2400290,156639138.50426638
G2102050,136021184.58279192
G0101050,71942486.35189596
G1801270,909889471.5402181
G0800650,39265133.966391526
G1303210,128198166.05550233
G2100210,271832337.9087224
G2700670,248235891.85997555
G4500550,483619447.07526714
G5300470,369395126.95277023
G4701350,78209332.44117498
G1701530,46379793.18144199
G5400590,225197147.3232708
G3000250,13128090.68831203
G1300270,121974381.57483873
G4801010,14749545.861579413
G5000130,46214027.719343886
G0201800,3289391.6239645467
G4600430,20922725.60554828
G1301830,99453074.82166046
G3500330,17906443.03354234
G2002070,26533801.631061006
G3901330,976386095.7562232
G4803670,1069191292.7525283
G3700150,127145636.17266278
G3700250,1555329433.5107656
G3500430,666289335.1434289
G1701410,266641189.8112109
G1302910,173904600.67801514
G1301810,64302837.476589486
G4801950,42920778.87826868
G5501110,382627065.3636921
G5501250,177097081.31195983
G2200510,3706888029.5690455
G3800150,579154748.2126805
G2300070,168202417.36615625
G3701530,424827538.9259355
G3700890,897257162.028499
G1302390,24882060.929702178
G0500450,1076006628.5938554
G0400230,214317203.85220122
G3901490,394755025.595364
G2901370,72774945.37802143
G2600150,298569644.5372549
G1301350,5884409536.988043
G1901430,53673163.82133646
G3600170,240537747.5618232
G2100530,113966252.86326547
G1900430,92284925.45411825
G2800530,52822267.91121115
G2801310,101609993.98798004
G4801710,219429460.96093595
G1300290,237380740.90733495
G1700010,465136806.03055197
G2701430,78819726.61249055
G3000170,58127232.24599928
G3101730,68217253.31175047
G3800070,3310747.460049358
G3001090,8512894.749349767
G4800830,74902849.3971192
G0100010,414605991.70339084
G2701690,277348156.59187037
G1600530,146142017.26865804
G4500050,71596731.4232447
G1201150,4464723909.903193
G2600330,195151547.75986084
G1800150,104064889.25769183
G5100870,2709646780.316522
G1700870,55016648.47348693
G4900390,109301478.60023244
G3600490,163347009.35508054
G4200450,3217606546.676859
G2800450,380455866.406829
G4700210,236342021.45779663
G1301530,1134165346.9936213
G4500210,434587552.0783143
G4500310,492520083.49610215
G4701610,122493983.29394755
G3400070,3092247888.223982
G2200910,73701100.42439155
G1201250,58653090.69278004
G1701870,76097049.25796016
G2801270,201249854.66971374
G2100950,204343707.6724028
G4804070,169763580.6231089
G4803190,35150416.1473979
G5501350,270286040.6833483
G3100810,81295377.25795186
G1801110,69410496.34792462
G0101330,208062577.56765255
G2400230,247879997.32327604
G0501210,128053747.43816595
G1301650,59905027.92585294
G3100610,32091381.664621513
G3701210,103873211.40622537
G2900250,71321954.5320319
G3100410,93409703.99912164
G3800050,48256838.01665501
G5401010,73069947.29588053
G3900850,1375688833.59171
G4700010,600694181.4016193
G4805070,77689479.08434442
G1200730,2464680795.19626
G1200270,233932829.52583548
G1300770,1062277612.9582899
G4201150,279353254.6033798
G3900430,680029384.6375507
G1200310,8580689316.949459
G2400250,1626004475.0338411
G3701850,187047157.5552575
G1900490,544444156.8991852
G5105300,40224757.626433834
G4803350,50983640.26885062
G1700330,122633492.82817915
G3800530,61783374.5370073
G3101370,61572193.42871672
G2001990,7874538.488177652
G5500050,259058997.72566003
G5600350,43601328.356960624
G1800910,637837151.3698883
G5101590,60258564.74275974
G1701310,96980522.03258385
G4100170,1244910883.0157115
G3800010,20522606.1651812
G5101190,87735004.54543237
G2102270,1023361407.0248387
G5300730,1142516679.752468
G2200670,199740186.70359603
G0801230,1208826245.4646754
G2900390,96851789.1343058
G4500910,1867403405.3451297
G4200170,4042790113.9637027
G4803050,29283311.830923926
G0500630,269943672.3024984
G2901630,109041888.24604076
G3600730,209023357.92215845
G1700270,206406964.35085943
G5100030,824692674.4309611
G2300230,165216004.9374713
G3701450,325366922.26398516
G4701830,265624186.6032945
G4700190,484387356.148932
G2200230,47656504.76136765
G0100950,718036270.1414328
G2700130,307489872.8524106
G4803430,101048726.50118671
G3901370,186333385.7811789
G3101670,49995819.50384293
G5300150,843930172.0441978
G3000570,61061785.94516047
G5100410,2639427802.6706357
G1800290,321512371.7828632
G4000350,106298230.35996538
G1200590,121184992.18914068
G2100190,480800806.1456063
G0500710,235883169.51057217
G2600510,127923088.07339759
G2801130,329949297.0914364
G3600770,457996229.90581787
G3900770,370843919.6630803
G3601030,7846268015.030562
G0202610,7347626.700100484
G0500750,130812485.17974748
G2601550,312965871.4637721
G3800130,10007712.635849884
G5500510,44661361.0504209
G1800990,253583744.8747025
G0100870,134701105.0296297
G2600890,135797046.8359148
G3701770,17222488.873084437
G5300130,24418588.46601978
G3101490,22224214.40453773
G2801290,129844729.24329741
G4600530,31909213.119798902
G4900310,6213801.126983792
G5101250,164952228.25714543
G3200110,21757430.85785346
G1302250,183817405.67123377
G2100330,87047770.72512062
G3600530,197573170.66434845
G5500650,86265568.49880888
G5501170,704650648.0106034
G3500010,4673664060.627732
G5300270,572481495.9202061
G2901860,127482144.13144052
G2800170,98042138.33347376
G4804530,9875257443.930656
G1901670,147553364.43169606
G1901190,79778717.13971375
G1302050,132656508.60913292
G2800030,306035537.7613679
G3700350,1366956704.0756583
G4800590,79953897.20388421
G2200990,344879326.5478544
G2500270,4417326942.993669
G2600350,172065020.46541768
G2600590,206600899.00202537
G4201110,449560908.090557
G2800990,189836433.0990334
G4803230,325930562.0376964
G5400410,98934846.13929337
G4500170,109887668.40441807
G1800830,267948170.84941977
G3701110,328198900.4949157
G2100630,54554968.381710455
G2701150,183792398.98155692
G4500610,116773455.74817497
G4601020,43890882.85493845
G2100050,153031984.33981174
G1302730,89310174.26202662
G3900210,185521382.42577595
G4804030,127108992.43317035
G4803550,3478372645.620062
G3100790,418164504.4841827
G3100970,23624326.434221968
G1701970,3419824174.8725924
G2200390,284494470.6061154
G1800590,449554340.47316134
G2001490,148794901.94199
G3100650,41227368.073733166
G5501190,86648067.96702483
G1701630,1954074213.9901
G5400210,36168833.75912552
G3101690,38410245.11152667
G3701830,7345129735.218715
G2101830,182749188.93196285
G1302890,58359969.07677202
G5401090,163933564.76300249
G1302990,266337494.56965125
G2700550,81636547.0967836
G5400230,82026658.92805642
G3101070,73965474.02549052
G2701290,75425366.2812976
G2901830,2666548554.57358
G4701470,486698190.8695468
G2601330,122411818.09901015
G0100070,121333446.44732925
G5106200,89876455.54007512
G5501130,134756280.1131186
G4200390,472365120.29537225
G5501210,137348514.50186518
G4201270,453830685.804059
G4200530,61894023.00333787
G0100770,820195925.7293913
G1200110,15077334155.03787
G0500070,1768416576.7012315
G2800870,585087324.1839312
G1901650,80426248.8300345
G4600570,35039981.51616638
G1701910,116295951.0978212
G1900770,94262026.32288608
G3000330,5434534.832642682
G1700410,101556756.78361678
G4800850,7546252431.2076235
G4800890,178566925.73615903
G4700150,85772738.42952035
G5100170,39010734.02907949
G0500770,62326967.53066821
G1700670,104638256.41277175
G4100690,21123849.53459511
G5000010,141263435.82749993
G4500390,185242792.59535378
G1901130,1633068988.8462672
G5400670,184259209.065153
G2700370,2095591250.7518382
G2902190,262035913.35970318
G2900970,1072004443.936837
G3900750,154072976.59256947
G0500850,530572379.32826465
G5500230,97519631.50992163
G2900710,847526583.6215639
G4000730,122285081.43167801
G3701130,307588826.24056035
G2101990,493161176.8464619
G0500170,76954660.56433398
G4804750,60304325.35318717
G1303010,35866160.08339459
G1701830,480530130.38703054
G1901510,43024661.88691811
G4800870,18626643.553525906
G1200350,738490649.9855378
G2101790,345767755.8797308
G1301670,73775095.96730705
G1701990,499142349.1653746
G2001450,42241737.004567765
G3100270,70864593.36481594
G4801370,27074263.183230374
G3701330,1323862801.8620057
G5600130,183457016.84149265
G2000490,26041416.710160643
G1700630,272887296.91064435
G3700510,2911951506.6219683
G2900210,687130819.2713982
G1302190,231492307.5347627
G0101170,1512288472.6339426
G1800610,338034501.6928278
G1800850,424496989.8892565
G5107100,1868126427.0112572
G1201110,2644132159.415114
G0400010,384226859.2528895
G4600070,17579448.36891244
G4700850,120742928.71630716
G1301970,63852330.06518546
G3500490,863910941.0112095
G1303070,30095061.84862569
G2400450,776275820.3651776
G5600370,256669855.15577576
G0800770,848790071.3469706
G2100470,501731506.31948197
G1600750,143406656.41893935
G1301330,137518208.90928355
G1800790,200700617.9113097
G1201270,4827002916.765051
G4700530,347120378.39187855
G4000970,393551568.8029941
G4200510,819622155.7316198
G2600450,727616704.090898
G2001230,50114713.67650767
G4804870,104054267.05751942
G4801610,181829921.13908044
G2101010,386055040.77613443
G3700430,84690272.18233547
G0100550,776554372.1962478
G5100990,170926927.84815517
G2902270,30876945.35377561
G4802850,199602734.2330162
G2600290,135228434.58564502
G5105800,45596379.67641035
G2601630,10932364720.76017
G1600570,234686528.4209344
G4201050,128961567.74573043
G5300310,261702709.3146288
G3800910,25411779.920635484
G1900830,99560844.44525595
G4800530,364634641.9630764
G2101030,129839320.2841435
G3101510,97840604.11406454
G1600250,6098795.057741413
G4600950,12036549.14747256
G2000610,218709153.07250708
G2601290,120028730.6916886
G4400050,468708558.6130856
G2200570,654950378.3295515
G5400570,222963426.57630575
G5101710,348679242.17133385
G0100630,72732459.63267584
G5108200,177246014.1156434
G1301470,204715543.28373933
G2700430,98752232.31448536
G2200250,84067904.85916625
G2901810,99028397.72801732
G0500090,260375100.6971684
G4803530,125794874.63733755
G3100910,24532026.681986116
G1600710,23563322.530689612
G3800110,17958131.962435108
G4200490,1746605433.1841235
G3901230,316372796.6549542
G2901210,105692536.54523829
G4801350,925377384.5687244
G5100370,94988082.72596085
G4000250,17477262.497738186
G0201500,34362628.54648165
G5400830,180916781.2937708
G2902290,139085026.42369416
G0500950,91942957.27022022
G0600090,242106438.51450604
G3901510,2422088743.1204605
G0800010,2376625725.131036
G2700630,59200351.50125195
G5501150,203486837.48933947
G5100570,68739376.10161251
G2900490,108062795.93901846
G2101910,88630842.65669738
G3900570,1096866737.2019262
G4600890,20997643.62021733
G0400070,426291760.1123737
G2800590,1198345523.5921705
G2100110,68979323.22203916
G2901550,184613117.55830926
G5300390,151051298.80519858
G3701470,1263902999.361551
G2601150,727552033.0970981
G5500370,38850871.07068509
G0801250,57564674.90666427
G1800930,317063278.5062651
G3600710,1978672343.016241
G0800140,392054673.3887412
G5100090,241479409.61126208
G4802110,35152652.31537249
G0500570,165847551.14332336
G3900450,918339081.8588006
G4500750,761079151.1802648
G4100710,588506026.518768
G3701990,101198611.55053768
G2201250,69817564.37878141
G4801490,215596943.53210565
G3900130,453514346.72285163
G4800350,178314065.05822662
G1701850,87053595.74498579
G2600970,91762009.55162582
G4803830,23738219.544478487
G3100130,80852382.88222314
G0500650,101679596.23362213
G0800250,12054433.662167924
G4600030,22303761.312903542
G3800750,39292719.31339979
G3100150,21844905.1855729
G4801790,137153818.72131497
G1300810,174581493.74249732
G4801990,376443434.72094923
G5000210,344989619.2322771
G2000530,39416094.272005215
G4200710,3347597059.5691175
G4001170,124953098.10481375
G3100930,39183771.841894366
G1301850,859409388.5008527
G4200150,294156883.97128797
G5000070,715491951.2129692
G0100390,278876127.6905662
G1701170,296649044.11101896
G4701870,1451340889.5370877
G0100490,472563636.20117676
G1701050,198468707.24460983
G1200610,1265454873.70067
G3000530,158718290.28829926
G4900450,226694762.47598428
G2900290,600362988.6694613
G4700970,160740441.318576
G3100390,71675042.29966639
G3400210,2466772378.265377
G5400150,62599748.009656094
G0601070,2326610304.8470545
G0501430,1578216747.1377766
G2900830,201491600.38351852
G4200210,825839223.5323024
G1700390,102927150.18405446
G2901110,57158790.66747916
G3000070,32125711.435572322
G4701250,1366103673.4776907
G4600310,29473680.18458275
G2901790,50401617.62209004
G2200810,50940683.82283065
G4800510,165306678.369617
G2601190,64118995.91621497
G1900030,21104592.76365235
G2000750,10587127.146128934
G5107400,615700664.4288733
G2300050,2085144973.4424105
G4804810,297983298.092474
G4100490,38840402.065552406
G4100230,74588866.61058535
G2200730,1304286128.1330032
G4100470,1881215133.871045
G5300250,641413951.9925661
G2601270,109340259.84280485
G5106300,274074748.9771562
G1200860,22276010715.260082
G1200990,13741150222.033
G2701650,64761865.020652
G5400610,777793120.2203403
G4800910,1087040845.5215502
G2200010,444420658.1438348
G4900350,5911445575.695124
G2601490,281520590.4199472
G2300190,771227179.3312128
G5501390,920422992.9855739
G2600270,300188864.969922
G4804770,263009438.3353362
G4500270,304636665.7526777
G2100890,289762402.53930736
G4500570,598423639.3198359
G5000090,36657054.78207352
G5500670,100292805.81486064
G1600670,137739429.6178913
G5400430,157431184.72557893
G0500290,211795060.36606258
G4201230,211628081.1332035
G1900010,55343662.179861106
G1301370,263085851.95020947
G5100830,247844196.0492918
G2601130,63607584.03085448
G5400370,438243444.3838229
G1301410,70070311.48493537
G3101550,129782419.02817637
G1701650,158004363.84748307
G0500870,118100412.10218908
G5101530,2609727765.814177
G0600430,112770309.87969217
G2001870,13612243.032792658
G0501130,166740149.83976766
G2000890,14305745.400651231
G4600630,10612674.347338932
G2000810,24028659.63607909
G1201070,588924890.2612187
G1300130,531576536.07024956
G2800470,1665965704.6228876
G5105500,1569593251.8955133
G2800010,343770772.35123634
G2200490,129585186.60588275
G2600190,112323522.03712928
G0600070,1275061193.4927638
G4700450,303207860.4263132
G4700230,134271223.97785652
G4800230,40952642.24395867
G5107750,203708982.48583183
G4803510,89985019.4762559
G1300870,197468954.25924557
G4000930,58665376.95030305
G0900150,670544358.5520749
G4801530,66093564.62667717
G0500490,84049798.07194722
G0100910,128503594.88426496
G0500370,122120796.76665634
G4701570,8707928029.171711
G1801750,184406319.55209634
G4701650,1180355973.202051
G1302670,149279458.75461525
G3000310,652429128.2314489
G0800990,60329504.14326544
G5400090,163819255.13319215
G4701290,136190368.29369053
G1801150,42057819.74303931
G4000050,113264338.43532258
G4000270,2000073139.0735707
G5400990,315908900.56272584
G3701070,601015180.7351011
G4802350,4670951.912944855
G5500570,140497640.42452207
G3900310,194028478.83849147
G5100890,454774718.96973383
G1801670,770114656.6002825
G4201190,356746775.54337364
G3100190,353880334.71740836
G3600230,294035769.00645393
G4803130,85188434.9900485
G1200490,168553951.16270038
G2601170,311317933.5185405
G3900630,693800825.9278109
G0501350,158806728.87736765
G2800190,57992999.93620969
G1701130,995046182.2646835
G4701090,186267804.35592127
G4900470,146596732.9126549
G1701290,49161239.8728346
G4000990,116187602.62207252
G4801890,340262737.5138082
G3600790,599267003.9242009
G4801150,60646475.50464955
G1801310,52321818.613447905
G3901590,313261414.26422286
G5101450,191494047.30534616
G0100110,62862911.297034614
G1302370,196926817.13254753
G4800930,114106153.22496316
G4701710,146651755.4400513
G2900350,49503484.754815765
G3800250,31862243.467449013
G2901990,25918913.04650608
G4000030,60666941.54442492
G4805050,110339350.13605736
G4200910,6214266293.1462
G5400310,83421671.96517177
G5101990,532930910.6294994
G4804730,290107092.23494434
G0500350,392407298.4870551
G5000110,188998045.55506226
G0500890,140192117.59681332
G4000430,37535033.72993048
G0800130,1681214187.8222065
G5101650,587970822.0962478
G3500150,353753006.3127724
G2001790,9259430.692461196
G0100510,562790961.443419
G4600050,143019790.47393394
G1800450,125502870.54870598
G4600410,31190543.20378776
G2001250,250038807.89260408
G4100550,10411162.540460221
G3800330,9980469.4173047
G5107350,59052555.42141028
G2800050,83696776.86230256
G1300110,144555639.23681512
G1302070,179616767.6335356
G4701050,384945633.5678561
G4803110,9443519.50708
G2701190,281166362.8246628
G5108400,289858005.07974255
G5100810,69638205.76410775
G2500130,3168906001.924346
G2601070,196157493.7969324
G4701170,249784465.36191112
G4804410,979320553.7477682
G4001470,498470236.6931809
G1801730,412108843.3350199
G1901550,959053535.5282743
G1700570,207197457.8345225
G2200870,306819112.1740695
G3700310,826294734.583983
G3800550,111513724.74711806
G1700970,4062360202.812112
G2000450,716084659.023763
G2000510,266885890.60393023
G5100350,233122455.98712358
G5500530,166145703.4776076
G4700250,205775042.5409217
G1000050,1691424449.5753124
G0600390,753305022.7148497
G3400230,4682239585.109652
G5100250,105984781.11190377
G2600530,97766533.91043651
G3400090,806635338.8598635
G0800710,78316269.24363378
G5500310,262311440.92620903
G1700530,89646775.7432698
G4001230,291046663.3136648
G0600630,165292549.5356636
G3600990,206136656.4529516
G1800650,341074993.9444376
G3100330,76242872.93991199
G3601170,617460009.6125686
G1600370,40315385.34315217
G3801050,263879013.3856932
G4900030,290370517.82322824
G0100650,110686881.02335389
G3101570,274637994.59030044
G4801730,4589681.080380615
G1700750,183014447.0302714
G0200130,967009.8150474598
G3001030,5751898.742372903
G2000830,11712226.859022163
G0100750,127750177.40606943
G0600190,6379206805.099487
G4001350,280042941.3991605
G1303110,204150248.7842003
G0400120,222859333.78695065
G4000530,26473880.141011633
G1900110,133741289.62726215
G2800110,206615932.03866535
G2701710,635287106.192068
G2200330,3899765743.4349585
G3600410,100349116.87587492
G5400770,148283190.33727756
G3300150,1788898391.6976824
G4000370,499313953.4153574
G3400050,2678118958.238614
G5101770,1116282095.375442
G5300630,3616455581.5085306
G4200330,403210211.88936186
G2700690,33606757.93937362
G0600370,63401218952.05124
G4804310,4677422.318776897
G1301930,64122405.191874936
G3901310,179348415.946899
G5101850,364356549.2518927
G0600350,187555783.92959514
G4200850,775750867.8061079
G2902130,749415561.4648904
G1801390,100256457.27667534
G4701410,610846750.6130238
G5000190,128052545.39398712
G2902250,253802604.60428435
G4800970,317755735.98356116
G1301950,167212544.9253112
G1702030,170489381.80233034
G1302310,86246907.89770685
G4500530,151344220.11424145
G3101270,80395969.73034452
G0800430,174658752.58891413
G2200070,172235693.53710642
G4700950,41330366.31011173
G2000070,42307646.59587029
G1301550,63925778.15229419
G2400390,147858889.6173626
G4801170,92990982.73563653
G1302290,108439829.1271266
G1801450,271947834.13394976
G4800490,323830439.3753135
G2800850,262622844.49914008
G1900930,40253335.166925006
G2800710,410214437.5451078
G1702010,1712281475.5441055
G4801970,41607744.1888371
G2601250,8164073741.208639
G3000550,12090582.206466157
G4804050,79651837.7214437
G4000330,50718765.38325586
G3100950,67475448.53813109
G0400190,7135749742.685401
G4700290,286824998.48400766
G2700090,209023902.67567712
G5400530,175889626.62142095
G5300610,4935916157.32305
G1302150,1557647638.4987848
G2100410,87521571.16792434
G4800810,41204175.797024965
G2100550,94841429.66724576
G4201310,203762312.14612073
G1200930,295220712.07374823
G5300350,1815295877.7367926
G4800630,94782017.43167865
G2600990,4401571102.200928
G2900810,71274294.6224002
G3600390,386895226.0102933
G5100310,422119382.23396677
G3700610,426193533.02080715
G4700690,154230054.31884935
G4804550,133776112.15935823
G4601290,44720005.89732685
G2901270,171872685.21084803
G4000790,419627987.27440464
G3500110,18637664.368556507
G2100090,315938803.07123464
G4803630,246651350.73764887
G4700650,3403381616.2332044
G5107700,1121267906.6346335
G1200710,6678721426.618197
G2101130,378025040.4772836
G5101970,266810210.62477112
G2200190,1497013902.7227104
G1600170,428113999.0784306
G4801330,149898530.40240332
G4802070,52738459.52486634
G4200050,322653928.7649477
G4801250,21529577.931021057
G5500290,190882733.2196349
G4803950,146450695.61567968
G0201880,1598847.5677254675
G2601450,1161368585.5600874
G5400190,333532765.1574245
G2001930,43993489.934184015
G1300590,811549169.745332
G1900150,134897358.99461925
G3700230,630539490.8446181
G5400050,170321574.50087816
G4800090,68172592.42758507
G5100750,170746426.37105402
G5000250,313443785.8776853
G2601410,60371275.8299629
G5501230,129102200.87902594
G0202900,6692323.502681026
G4700490,123841976.91166079
G2000350,259164379.3463437
G4803910,56788081.582155734
G1600110,240223896.2051012
G2001510,80533849.03982115
G2100610,94204206.92422697
G3901270,210695034.95359287
G3700030,223045099.1861883
G5300230,28433154.924140908
G5101810,43172044.58317334
G2900510,726495833.2339113
G1900250,71521240.3269584
G3101710,2658550.0399217764
G3700650,399445816.5284406
G1200090,4756230164.2103
G4100070,270394949.3720387
G3101350,42149928.87640003
G1900870,155404875.81360674
G5500890,427674914.1565617
G3700630,2378022199.6580987
G3900950,3352427700.2707777
G0800490,154966226.8914541
G3701150,129634302.81193691
G0501190,4320021348.021168
G3000130,422596051.2402235
G0101210,621971992.7805482
G2901890,8344324207.690844
G4500710,317899985.28423566
G2701610,90437917.38210268
G4900410,87505461.87611324
G2700050,237981579.3105436
G4800170,32816132.30375536
G3700070,203954518.0035345
G0800630,38428996.00346477
G1700850,183651973.6427116
G1701810,108479068.7118511
G4700330,135646018.5874304
G1801470,129028259.53570905
G3200050,280822429.8694647
G2601530,59529854.58370423
G3600630,1216072917.3701239
G0600230,601266814.4650104
G2900950,6594867130.600431
G5101130,90360025.880213
G4800770,95598234.1431224
G5101550,268600104.5022784
G4600590,28354689.432499737
G3000290,723128071.187886
G3500230,35222134.09072389
G5101730,235921238.47416592
G4801510,30182403.75165725
G5300450,438962115.7518356
G2100790,128760094.7245692
G3700750,75607838.73902829
G5101430,501517743.05223995
G3101050,23667450.07545112
G2600610,157918773.49457976
G5300750,327162019.72269094
G1303190,79955221.00802505
G5400850,80067317.91495238
G3701370,79187855.30053219
G4100030,494379922.5818702
G5300050,1479291647.017367
G1700310,31090468969.377228
G4900290,27323833.49093584
G3701250,769302712.2025484
G3600970,105308712.78690282
G4000470,504796528.6985942
G0600450,459359288.25320214
G2900330,96052233.84313804
G5101070,2186920883.6067586
G3701170,152920971.687713
G3900930,1680920494.7200081
G2002090,1256417246.372
G2100150,1086082804.9132693
G2801330,155527664.70350736
G3800030,83366987.1379608
G5600230,94867479.22462964
G0100710,424768066.77350307
G5600290,184883025.0185241
G0500670,118261080.2547908
G3601090,476241379.1673727
G2700970,175308699.56356347
G2901310,240367994.0879347
G1701570,205291415.58273256
G1700350,64688490.737376854
G2001210,225533076.0421498
G0500510,1081121483.8980489
G4802370,67880387.30177286
G3600810,8992660773.804533
G5600090,79898507.38232519
G1302930,152204011.12689716
G2100290,557426378.1383955
G1302970,663566060.7603128
G3100750,3586280.828046009
G1701470,68668519.6025596
G3500190,32425198.036007006
G3700990,318734176.2914571
G4802330,143821331.189831
G4600750,4828476.319251174
G1801410,1723902101.7467055
G3500390,132787254.07357872
G2601030,415478577.0589685
G0800270,44686439.28478988
G5500470,100764039.03321025
G5100790,147474173.840459
G1302270,213875631.1946451
G1201130,1310616083.6189513
G3701190,8354169623.644012
G3900090,373613500.96879125
G1701550,34490832.69937497
G2901870,608813214.0619645
G1600270,1059400342.6445036
G5108000,582174431.3630632
G2701070,45557343.050970815
G2102110,349969721.25935686
G3800410,12092860.330856968
G0501270,99822945.77906384
G2000670,44134765.36745808
G0500010,146888195.74610394
G4200690,1482890355.6915636
G2901450,525200888.00277406
G2900990,1646416211.0994997
G2000690,29519087.533961292
G4802150,6223255367.805443
G5500430,237754046.11166105
G0100590,212616261.95269763
G1600010,2567029020.306203
G3800970,46197146.66706738
G4001070,92846617.47635585
G1301770,130965838.42411685
G4700910,134621707.78769687
G4100090,315389023.1981447
G3000770,26280232.24496423
G1302090,45807830.56338297
G5300690,39890238.48868542
G5600070,116869891.71500623
G2101550,129601954.02400483
G1901850,51712452.64320527
G2902230,115245752.6990346
G3101330,21800521.16508736
G3100570,9051781.992360093
G2200310,173905915.2454964
G4100590,451546511.03795433
G1900130,903385598.9284928
G3000490,380127215.75423664
G3200090,19102591.44345471
G3000230,144141721.17362922
G0400130,31366303119.55799
G3600250,279543184.81722003
G3200130,106928936.12282647
G1901790,280659676.6892361
G0600470,1611502031.844952
G2701130,90055462.86409096
G5101010,124194619.08912677
G5101170,313143932.4280619
G5106900,146675194.17076436
G5100630,109690069.48570225
G2901030,32385734.68194135
G4805010,32820765.271614634
G2902170,149022370.85054547
G4600150,40437892.01246403
G0500790,67648287.34112409
G3700290,64377156.51307417
G0500910,314763595.19084364
G2701350,104040884.28066541
G3400150,1598474821.8946888
G5500270,520667923.2495632
G2801090,379414091.9260719
G1301030,337694433.93041265
G4500230,242360890.08616772
G1300050,68024734.20704022
G5500850,256260132.82090765
G1701430,1273348706.33777
G4001330,195378128.53696454
G1700610,76133359.31344464
G4200970,698007062.2789711
G1700950,289563879.6571224
G0800050,3363012379.0022993
G1900970,141291390.74723127
G3000190,16068297.470909234
G2300250,261359156.08772597
G2200410,142208276.49123526
G4200930,307492573.3718306
G1901090,79811537.99411556
G4804610,22710167.098949526
G1301790,469145104.7217068
G3500350,432757087.09411037
G3500170,157877688.7939045
G5105400,381728314.9033767
G0501450,751599229.203186
G2201270,162809027.7977355
G1300910,139862282.77596885
G1901010,91702769.98602176
G0100090,395449938.6631769
G4600110,207142612.0688749
G4700030,362945700.6736163
G2600130,34974284.20203111
G0400170,593133877.2421365
G2900410,58239706.70516186
G2601390,1248307348.3177702
G4803790,94573671.63029703
G3101250,29016167.527429957
G3101210,49801809.430951476
G1301490,62631708.476924345
G1600030,36646235.482107796
G5100360,65875939.01352619
G0600490,67226226.58737418
G3800690,40782864.09997499
G2901010,376969368.7345041
G4802870,107202294.77018717
G2000170,22763999.642367776
G1700730,257090730.9730386
G5101110,82913473.0011152
G0100210,304399755.95310926
G3500130,1187191950.169383
G2400050,5330914900.871394
G1901590,36372354.45430516
G0600150,92450991.21684755
G5100190,592133364.7646356
G0501110,166670232.9074204
G3701910,933578168.5163571
G2100070,73652379.45305714
G3400370,803284248.9950659
G2600230,216209278.28340462
G4200010,581925747.1011292
G1200410,89942004.73342909
G2300030,341291068.8338256
G2700910,136737650.49808097
G1800670,485108666.7997956
G3100470,227872879.73119318
G4701810,108494341.67371781
G1200870,1132182263.9672565
G1800250,69499742.26726735
G0501290,90981506.66748989
G0100850,65538294.36972373
G2700170,170017905.57335648
G2000630,20735250.532622296
G2801550,79208753.40361397
G4500830,2599413613.919941
G1900410,139499340.7742652
G4000710,376136397.25670505
G4801410,5020502366.844923
G3900010,186817406.29026896
G3900070,562784970.7705177
G5400350,186157041.52087504
G0600550,808571072.5048836
G5500030,112663473.9722185
G0500030,152995814.63222694
G2900770,2410292376.321789
G1800550,215618886.41743276
G2500110,432207667.59955865
G2400010,495195392.2405797
G4801770,148455573.32849693
G0500050,326556483.72987264
G4100310,127583325.36646433
G3500290,126471443.68263727
G3000090,73638618.47336447
G4800430,77743047.29794699
G3000650,32227196.04410965
G1302510,111455325.02892365
G4100630,59102762.39175165
G5500930,175295021.11001554
G4803770,48176233.89460325
G1700130,27054312.733095154
G3200290,43736039.15995377
G3800170,1277018836.3161373
G5600050,269397412.8601114
G4600610,15900419.16801363
G2001370,27092505.62091983
G0100030,2052227120.1982641
G1800570,2051698312.8941457
G1000010,1225407289.655796
G4600910,45519541.151423015
G5600410,109638080.2207331
G5400810,749168656.7965069
G4001410,69387098.6771811
G3101010,73287144.29528445
G3600190,485437781.787248
G3300130,702682738.2981544
G5500410,50710601.916884266
G1300230,91852545.77959935
G4200590,163662379.7788169
G2700250,271341535.72558415
G1302470,717764162.8662739
G5400750,117007502.6253924
G3600870,1349405329.9654903
G3101770,158510015.136916
G4000890,236329643.14181286
G5600330,210629525.03556246
G2000310,104947964.99650922
G4100610,147586383.46805167
G4800650,37701500.016221665
G0400150,1660085694.3244772
G5108100,3330076982.1310635
G4200470,143534167.63283288
G2300170,272451795.23239994
G4900330,20589148.49044905
G4200790,2285328324.5867863
G1300090,313800024.78506273
G5400070,91934619.09282649
G2601010,149666211.42849636
G2001390,129991852.03087279
G2200790,1082393096.0612035
G2001150,83641057.20558746
G4802310,828700928.4810355
G2900910,302183922.3291806
G4900230,52286917.136189766
G2000090,191187230.00296026
G2800150,78898855.97470042
G2100750,57548115.45565554
G2700190,522791112.5735884
G5100130,2125564086.4766023
G2600650,1592688790.3774939
G2100350,266388945.019647
G0800410,3883945103.86647
G3901450,572941277.8370333
G2400370,789056265.3364341
G5100150,576764454.0415969
G1800630,1066340997.1863782
G2500050,2898109260.8918643
G3000630,676265278.296522
G1300610,24734300.12726423
G1302750,528650406.2775723
G4200130,846745341.9839907
G2901050,309814052.30973625
G5500090,1477545699.802188
G1200070,183781680.41594625
G2601570,262650196.5116397
G1901470,68347487.37959996
G3101030,7068331.558908253
G4800150,223542490.51164767
G3801030,51253973.1038269
G5400710,60463956.96079299
G4801130,24502861211.30065
G5101610,697457922.6834844
G2400090,675932491.0499465
G0200680,4423570.483819411
G2800270,196833239.6159556
G2100130,189036891.79674295
G2700150,137343293.4258168
G1200910,1702995332.4512472
G2400350,350527233.8714671
G2200350,39066169.583377734
G2001810,36066492.66684407
G2200950,305438048.72378373
G3600070,1161038392.214385
G4600450,33791986.306866534
G1900630,69109920.41549349
G2701170,50812652.37096283
G1301910,132131441.87949292
G4601130,2846483.699176556
G3500510,70790451.70890006
G3400390,3300799221.500169
G2801190,48387854.076071315
G4600190,60497822.708499275
G4100270,131078038.8809813
G4500810,151887998.66966763
G5106000,223701665.55887926
G4700870,73576155.59827994
G2600010,71418414.60961857
G3701550,966971724.9253258
G1901110,179513666.2364449
G2800750,711790666.406882
G4900210,239345557.94993088
G1200510,268278763.17134446
G4802410,251241404.77743873
G4802670,46100523.118357226
G2600030,67299880.47341138
G3701710,712208499.0370069
G4800250,193379918.61518496
G2000190,30062018.686189666
G4600250,24939699.11417894
G2701010,40664511.495717846
G1600410,64389955.56977255
G2900450,52757738.41861112
G4100430,753426235.3209517
G0600590,18523761070.043564
G2801230,159024401.5727432
G3700850,815023877.083386
G1600870,72818366.35754874
G4800210,659826696.0133504
G5400790,465183665.8059552
G3800210,54396124.41698774
G2701370,1437340215.420374
G2701110,479169515.71880656
G0201850,1353606.2276004287
G5600450,25026186.096751235
G5500780,14452692.378782328
G3800650,14991608.353409553
G1700490,191169153.4187434
G5400450,323268664.1160962
G4701550,1291135092.3596025
G4803310,163076320.46912137
G5500330,231212092.1795519
G4400030,1011554435.4484904
G3701430,89076579.45971008
G2101430,61141434.04495029
G5500210,261189487.744803
G0900010,4988054634.328667
G2200370,127322217.23201998
G1302450,1778862105.293978
G4701330,158088358.12979403
G5100470,415673364.0369303
G1600510,127298675.31336139
G4802250,163370404.00729927
G2801450,175692085.5591635
G4201330,2785901446.9127827
G4200290,3585916966.5188394
G1600130,346269344.2466602
G5400890,112974085.76355907
G5500710,391826590.6892202
G1303170,88260798.50235537
G1200230,507583522.5881843
G3400410,615297599.4641645
G2701050,91263214.36478302
G1201210,320356158.5911731
G1901390,246807906.53877044
G1801630,1549653626.197432
G3500060,147827057.7380013
G4600290,226679072.51842624
G2000850,94672477.25434475
G4200630,471166532.0941187
G4600470,50296998.87919901
G0101270,482754597.0515771
G2500170,8802451779.383667
G3100210,62707498.98194746
G2000770,34997040.799026504
G2101930,351229489.80998456
G2600110,73033157.60796797
G3300090,460449049.74179953
G2102230,63807829.032192826
G5400650,135150191.50524324
G3701490,192708739.62018645
G3101530,1124516206.2777302
G2000230,18381190.48923387
G5400870,97119537.24456707
G0200160,503280.1051958543
G1302690,71887904.5816098
G5100490,59794663.183805
G1300990,65054075.786619455
G2100730,483977962.136972
G4800030,80520855.50498402
G2101350,130997841.14954586
G3000610,22303301.172823355
G2600770,1296802143.53144
G4000610,103488713.16015369
G1300390,355075886.37876296
G2100970,139043502.1896595
G3901350,251393017.96243262
G4701530,98673875.69994286
G2200130,123395213.2441854
G2901490,70413561.45555222
G0900130,716698182.3039627
G1300550,150377582.94993103
G2200970,575522537.8406935
G2500030,868910857.7420628
G4500370,176493870.6729034
G1201330,153949553.1229091
G4500410,1371100632.9084413
G2900190,1188746044.9199939
G4700810,163221186.1275865
G4100190,754461976.7139244
G5101870,367491592.11498904
G2001330,119674087.81834544
G3300190,200796114.38195384
G4804450,71647177.34545293
G4803870,121719450.06575859
G3601070,232332008.73639786
G0501490,157636172.8762033
G2101970,80342905.94048232
G1800510,227234511.64870054
G3900290,655970728.717393
G1600730,64355863.35948871
G3601210,206608723.1272047
G4804970,474354750.05656475
G1300730,895409420.2919619
G1300010,121585102.07258779
G3800290,22119011.88128946
G2200930,127070453.10224636
G1302630,39451643.9901277
G2600050,492118699.8404863
G4801050,31212465.41084017
G2001910,130220812.20541716
G2201010,407835102.8303789
G0500970,78098709.97221717
G4001530,146183914.8460611
G4100650,206022343.2544322
G5600110,49790454.093025364
G4803930,6529043.969470557
G1901310,64470143.60214461
G3101170,1445156.2493457915
G4801270,84364952.94507658
G0600950,2463371942.552772
G4000870,314409770.85250235
G5501310,649889953.6749678
G2600630,209786143.53298667
G0501090,91032205.20256807
G3601190,5154599159.702335
G4001370,438385769.9480201
G4805030,158772895.78522557
G2200110,296746050.9098737
G0500470,128138645.5169378
G2100650,111293228.6201562
G0800510,175249868.39131027
G2800390,145843411.5364364
G1801810,174148870.6649453
G3700930,405501347.2065137
G0800810,74047496.33186029
G3400290,3609397262.1913176
G4500290,316753090.5432699
G4804390,18091038493.03577
G2000950,58087560.498635635
G4804230,1829211858.438148
G2300290,212311885.03992212
G0800670,289300256.2410459
G3101310,106468051.70590034
G1800310,183256140.19748694
G4800290,15457621222.9811
G5106500,929526198.3254523
G2900690,233461899.27986854
G1801010,78226302.00860167
G0500810,112416129.86689153
G4000130,388665196.28903073
G2901590,297402845.7957997
G1600310,119152628.13598745
G1901750,63807568.32961181
G2100930,939509890.0353873
G4800730,519034334.6897111
G4803990,60200168.06791115
G4000910,208201834.20348942
G3901690,560414804.6929584
G4500070,1556427104.2237036
G0101310,87213286.40244626
G3101790,71667888.58653265
G1901230,124710409.84770362
G2400310,6761985736.558535
G0100350,107545916.59500259
G0801090,29290632.18024054
G2901850,82448495.51383346
G2001530,18621765.28812298
G4801450,131486516.38947779
G2801390,155177649.38849843
G1801610,42924885.515919834
G2200850,244270921.13303024
G4000750,80514814.06146856
G1300830,115018837.56850089
G3900330,253146425.55800468
G1200010,2104013837.2153275
G1701770,289632086.1970662
G1600350,85067402.35177621
G3700570,1358607783.6500852
G5500990,102461555.40470415
G1301150,756188127.7875731
G4802550,98594719.16278997
G4601250,53866346.04320449
G5500390,537656860.1546198
G5500690,125124904.38971904
G4500790,3502158091.4375896
G5101930,186383102.9622609
G3701230,231717725.03680745
G5100850,914094090.8230166
G3500310,319939493.36882067
G1302490,40171886.76615671
G5101950,264198131.41350582
G3700050,115781144.94759321
G0601130,1141716548.2539248
G0100470,408741967.49060917
G1901370,66820067.07855222
G2800610,136470501.71074632
G2102170,161002870.1194269
G4200410,1759297794.6335638
G1800030,2552019091.3784065
G4200550,1009231884.1743536
G3101130,4059737.891114194
G1201190,909716024.2347744
G4600350,165918106.520381
G2001130,214279674.9317921
G2600950,42874122.459388696
G4804130,23860244.073179893
G4601070,23257041.428434122
G3800230,18088183.52752107
G3101150,4841120.764290336
G0400250,1480927365.213313
G1200890,711031155.9884796
G2600470,199539750.75408828
G1900990,233200231.04817578
G2901470,129008802.16873051
G3601010,510490029.9588896
G3600450,735832998.4889543
G0100450,413667358.8003778
G5000230,267905506.79095164
G4500150,1295652014.3176963
G4803590,6136846.938309154
G4400070,3287732640.388257
G3000510,7193524.1940138405
G1600190,681905541.3327855
G4500470,642159972.6954491
G2300010,572921310.7147641
G5400330,472833714.54950845
G4802890,140299508.99576756
G1301390,1244626485.9550977
G2100910,44924912.9885372
G3000670,119066924.69617657
G1801130,270648127.0903995
G2700770,40076209.75714775
G4200250,561937206.9983119
G1302810,90155658.0059081
G0800190,63456661.206882305
G1900610,563154350.8160107
G2700490,260790881.95819902
G0100150,924477313.69283
G0100610,240034555.90689316
G3400170,3608882570.30196
G3900870,420954722.59639764
G3600510,291717506.51127404
G0801030,32628230.932430502
G5100730,231715004.61105737
G4700790,304192055.2034857
G2101870,76700010.87970746
G5600210,592497950.9313991
G5300210,525575891.9759569
G0101010,2118746017.9732914
G0600510,136835619.61600858
G2800650,86736022.16409363
G1901950,41425716.858201385
G5300170,316478080.25883955
G4200570,90553924.03713031
G2901330,84170553.9372877
G4801310,109881231.03838752
G1600690,209221227.1762367
G2600210,998274864.6086814
G3100110,61894953.643539675
G4500130,1566296740.5850482
G3101750,35162599.8236279
G2201110,191683436.17226818
G4001510,58392228.15411935
G3600550,4866361903.895564
G1302950,487973694.7404325
G1901350,47379523.783938944
G4803750,1159290218.4214835
G0801050,82892021.76320449
G0501410,154078194.58637387
G0500190,157506354.76506323
G4100150,158708632.40424135
G1800330,230939572.7707624
G1800370,263433266.60440475
G1302170,722930414.4498968
G3000030,62647830.54083128
G4100330,703395910.0009158
G5400550,503171492.2062025
G3901650,1391991823.1409888
G5101310,124643047.05342002
G5100230,238380349.15103266
G1300750,138056312.1020836
G1701950,393030181.021122
G0600770,3963789199.6918945
G2701270,104304271.17015319
G1302610,234274474.18733966
G2700530,8909707055.67698
G0600010,7457914205.887771
G4700050,131425905.98709625
G3001010,38704579.84438498
G4701210,92359132.18067522
G3800430,26203471.615259945
G2001830,26662845.88137238
G4700930,4348873851.001751
G1801370,188493382.9117108
G4700090,1024672296.0323682
G1301890,139397596.35346046
G4001150,254875085.99897662
G1900790,76541935.58913514
G0600130,5378604598.591333
G3701970,260814779.0624451
G2700230,80121992.40219018
G4803270,20578873.835175723
G5105950,24233306.768459696
G3200010,136536016.01759616
G1600550,1135570324.1207721
G3000690,970109.0019814788
G3900650,205057623.49274588
G2601430,191281051.94883716
G4802650,423531103.82931286
G1201230,196769754.51545173
G5100910,24267856.50219912
G1900810,50040116.4997545
G4803450,7822998.891568305
G2800970,94997510.5508768
G1900890,54822403.588399
G3700010,1148947070.0079772
G0601010,532727440.10488653
G2400270,2140228453.0031686
G5500830,205135223.55001563
G2200890,340067691.28122085
G2600690,164852615.2783954
G4700430,393897357.8534852
G4001250,591435597.347873
G3901610,203946111.9457853
G4500030,1267796166.841401
G2601210,929470999.8351876
G0501370,98500486.14807354
G0600750,5484077985.427186
G2700410,288259152.93369853
G5500590,844754410.8669281
G3200210,37865842.834925845
G2900550,173459656.77659833
G2701390,658799756.3055942
G1901210,88588378.78356987
G1700450,110991799.54718633
G2801210,1115242885.9860208
G1701450,159377464.75698218
G3000350,80859955.22716813
G2800730,434252133.03488535
G3100030,46879845.69163185
G4601270,99845150.66607252
G2000390,16725535.803817118
G1700830,122545534.05216736
G3701410,434745431.0619362
G4804690,670901176.7941751
G2001610,436850157.06838405
G1300630,2303744142.22708
G5300370,445270406.9208714
G2900230,325183217.1148256
G1801230,126250586.10193312
G4700170,225516976.61029077
G1301690,164729826.7822167
G1200330,2562001708.6814313
G2300310,1131971124.338243
G3900390,252947047.04609084
G1701590,113006701.15926692
G4000830,288245232.16646904
G4801210,5844651634.754622
G4100010,130598594.7995823
G1302230,942556534.5180303
G1300850,181271866.54318008
G2102310,175680564.03731263
G0500130,47112792.4292371
G4000070,33254835.075791337
G4803610,665210535.0273511
G3700270,606495497.7566696
G2600910,435014259.9562659
G1701750,33022556.032152865
G1301090,95937123.07562168
G3600010,2610775585.780944
G1200450,165751329.53951186
G5501410,380230871.509415
G3500070,138848147.22391638
G4801850,218645448.7452693
G2200150,1090672034.7000759
G1200830,2636511561.843078
G2901650,774253374.3615389
G4800370,781554278.5018449
G1801590,83908511.71306217
G1900670,84157369.96517536
G4800410,1468541344.1631572
G4800190,173676992.97519612
G4700310,402807523.4731549
G5400970,135800565.38433546
G3700210,2248243481.4727883
G4200890,1269767552.1247628
G3205100,307377950.7023145
G4803170,29598211.833235513
G2800950,248016565.83478665
G0501010,59499474.14863305
G3100070,21216570.390416082
G1701670,1345972966.2525737
G4100130,172098704.96536824
G4803570,68942154.43639195
G0500550,330140339.74698234
G3400190,657324485.8634179
G2201230,68569019.2405958
G4900570,1096784518.9687176
G5400030,849348875.7502491
G2001070,75137465.64326225
G4600130,317064336.81038815
G3500470,133478473.41933303
G3800770,113043860.04536293
G2901170,93523561.60254858
G1700470,37834668.54739343
G5501010,1108864280.4246655
G3500210,7779321.093370415
G5400690,348969504.2966652
G1800190,994825026.0041313
G3701390,321582830.2109866
G2900610,50904997.15626695
G4700610,91247297.30475608
G2700590,179920125.95749432
G2200590,87893190.22784442
G4601110,12607105.238147723
G2801490,474864562.2052388
G4801910,18893742.818775345
G2102130,114869915.71421754
G2000990,166110629.20080388
G4600870,34011515.63333326
G1901930,780491887.087743
G2201070,45338409.25157925
G4701190,788162978.4309175
G3800470,35995072.32045113
G3500610,402114993.7502507
G2400330,5634512484.10225
G2600850,118962724.50943758
G0900050,1085716218.3372703
G5100210,47152078.511415206
G0200700,3912402.4739146293
G1701150,824672768.0812275
G5100950,480251316.80328745
G4701490,2108638044.8266146
G2101070,323683277.5015193
G1800170,202831346.34924316
G1201290,262535136.86038625
G2500190,72198646.32801344
G4200650,231146796.86606663
G2500010,1375569414.9509428
G4801650,105154358.94377296
G4700710,197657518.35980022
G1700150,87084605.15783297
G2900630,67387945.6088234
G2600310,154155636.14349675
G0600170,1030731598.6595621
G1301750,479120959.71134305
G2901090,295668312.56636524
G4900270,41542998.85054708
G2901690,280870262.17097366
G3701350,793451927.9657378
G3400250,3625251992.4123363
G3900270,325770434.06902385
G4700770,188976819.21409464
G4801810,1138999995.187743
G2101530,118700827.49259368
G1901270,251307794.0207165
G1901690,546144438.2251749
G5107500,98531644.21818271
G0801150,7715442.790532727
G0600410,1101444837.2696064
G5500110,63195664.830098495
G4900430,396377618.6716652
G5400490,359873585.86816084
G2902030,43170767.428905375
G5600270,19479248.568216067
G3901670,375765639.09642184
G3001070,9755404.183128579
G2900790,86585490.01695731
G1800410,142868107.16692495
G0800210,32561068.57780566
G2700730,53572348.75133991
G5101090,234630707.60133678
G2001950,19038577.63952489
G2101810,48995425.86767312
G2700870,44898137.1738523
G1801430,154791535.09915042
G4803650,192874298.36194205
G2000910,4466466395.434849
G2600730,293645902.1254891
G4701070,427710305.7148331
G1200570,10937162684.06712
G1302550,487777343.75916886
G2900650,105896763.8002691
G3701670,464840988.5812188
G0100830,656405000.0628113
G3000830,66509677.98603309
G5300330,13772391916.96187
G4701790,1223693922.2596674
G2001430,34339968.26199388
G4200990,273644436.0495257
G2102010,14330626.660781004
G4100390,2902184838.5923815
G4803490,388369443.1671232
G0500330,506216770.8682569
G2701030,137597045.95362723
G4100350,435562538.8311121
G5106780,34643352.01162887
G3701890,393798605.14907706
G4900190,51113528.10306458
G0800750,113569776.87282023
G1303090,47081286.53798254
G3900030,675218144.0983803
G4800310,111072940.32622802
G2101750,82334034.00015825
G5500810,219057736.0532382
G2700950,137521119.98447993
G3701570,770438238.1484787
G3800490,42833735.53247461
G4802610,6580330.265344768
G2101490,83533372.52220415
G2001410,22889052.857776053
G3700830,361229467.11690784
G2200210,87851702.94710165
G2901410,231993027.1728912
G3700730,70387664.02712785
G2700030,1785614826.1140995
G2201130,445700096.9603424
G3100310,41598835.904155985
G3000930,182585662.4849715
G3800990,80289650.40048385
G2701450,1042892698.128772
G4200610,260148895.6079568
G1800210,139501324.63625294
G2601470,741325948.8091716
G1301290,360952178.56155336
G4803390,4234311171.0998545
G4200750,793517806.014972
G2801050,324447980.20149285
G2800930,288598282.0400053
G3900810,509087855.4141525
G2102030,136853090.61274654
G5400470,186333523.24558166
G4804590,270568187.77039874
G2900110,118123663.66362727
G2001090,27582045.08946108
G1300430,87327291.37398219
G2201170,348087657.80664915
G1700170,82143074.85292536
G2800570,166295169.20258975
G1701390,76860416.36447272
G5100110,93895007.07627852
G4803410,98212598.50085364
G4802090,1379393819.6534152
G0800330,5476600.017515656
G3000050,25583523.227691613
G2600070,140772825.25393218
G5300430,88296124.83052337
G0600310,700579611.2529275
G3100590,39452322.49632541
G0601050,123387365.5020595
G1701930,81351660.87349173
G3000970,19873338.598576877
G1300650,39144427.80202333
G2200630,873572829.5933081
G3100990,41710624.27744181
G4600670,48542443.73020524
G4200070,1094866868.6452634
G2101230,107142920.23438798
G4701690,41434131.53996808
G3000950,66898600.780559525
G1901910,99402682.09031713
G1700430,5626563781.1907215
G2102210,98983400.24958917
G1801250,54844048.15818389
G5300550,139500084.264462
G1701070,155053674.76818877
G3901730,748305680.7107964
G5106700,200654030.72192
G2701550,39600612.650673054
G2701590,122110897.31635824
G3901530,3451186280.0863657
G5106800,701080418.814903
G4701730,127615898.8622494
G2100830,328386652.91284907
G2700570,180343220.8673005
G0500150,229226534.13452286
G2800290,172241801.55432248
G3901010,390510921.978071
G2101650,41027624.96096684
G3800810,39587868.449264556
G4802210,465756246.1526519
G4802730,275157831.2364889
G2801110,93266206.13471302
G3600050,4928465625.307337
G4700750,108767061.42441899
G4600370,50083803.27641635
G5500870,1033931987.2265213
G1700710,32851370.073555395
G2801370,177142986.3452474
G5400930,62163741.68991049
G3600470,9784349645.477459
G1300310,604600305.363569
G2200830,130647096.76938167
G0500390,70562331.04941967
G0800870,140842192.7190301
G2101590,84686670.63583086
G2900310,685525620.6487111
G4900170,23691517.683182694
G5000030,175299971.38069472
G0500230,291516674.4435291
G0100970,3534796477.1593003
G3900490,8707141629.69317
G4500330,252086667.4408331
G1900230,103778011.08590701
G3701630,487234742.96972823
G4803030,2601749345.415526
G4700370,6813475146.06385
G4803470,691034636.6203774
G4701130,795080204.9681187
G4700630,538244796.295437
G2200750,139937676.68837923
G3901570,517948883.64291376
G1301610,146175501.5998627
G4000170,886428798.498443
G3000730,33035269.768678315
G3600210,409788712.69460875
G3901250,91159153.33091642
G1300790,72620881.11326435
G2100230,52161803.22618657
G1900090,37268705.352603026
G3500550,177275481.42541456
G4600210,11863749.857746415
G4000010,179514358.79596353
G4804950,41330305.44078757
G4802170,310753123.7563524
G2102370,64898751.35055984
G4802830,50293084.30057973
G2101310,81085074.08995964
G2801610,83030801.5415985
G5101150,88910175.54701753
G3800090,57427906.53799156
G4701890,1155465183.7128634
G5100690,576299561.4860806
G3600130,777329008.8204238
G4000590,22595928.958466038
G3700810,4355147589.463707
G3800890,184007250.5572604
G5100270,174491739.1351543
G2001750,128376981.13019931
G3901090,754217791.008264
G3700590,334813729.38080347
G4803370,157176246.33525592
G3700330,142401803.4288137
G3100430,143913497.03731808
G1801510,253810774.59895837
G4201130,72297053.31827688
G1701330,246943349.48611048
G1800890,3032872853.5935993
G2201190,287115076.6796581
G1800710,292839893.72483414
G5600390,190736030.9216846
G4001190,650911274.4468477
G5101210,763309963.4110243
G3900170,2460984775.6475363
G2101850,379693498.62949836
G3100630,21179752.450026207
G1800110,445124227.2495983
G1301270,834884371.7553493
G1800970,7957352163.213274
G3001050,47532272.131755896
G0600930,312976914.0544053
G4201030,453432930.86480445
G2801510,324062220.18848914
G5101750,119254689.02362922
G5501290,119832970.3453573
G3101430,29373903.11332704
G1600810,66419706.299360946
G2100390,35087246.20257053
G5300770,1879124482.6071088
G4700730,418632823.53276455
G1900190,72747318.57695144
G1200970,2517041995.12683
G4600330,59461679.91350107
G2701630,1184016000.6173213
G2200450,594172386.9031358
G2000790,202667260.739834
G4804510,885108277.0106597
G2801570,80189502.84577657
G3600430,394949816.97479045
G0600890,1223419497.3308043
G3800350,507810990.95087737
G1901450,100243048.08524705
G4200670,133298161.81538077
G4804850,1125011206.0097153
G2900050,51389229.41618666
G3100530,283100834.5673584
G3601110,1134365853.8537645
G4701110,148140114.72728637
G1800750,130623027.55497035
G3700110,152087137.73519132
G1800070,50027332.61390216
G4000230,135008101.2894613
G1701370,203321077.33296824
G2102070,134340756.7105436
G3901430,342702558.72628146
G4801430,284173990.3806553
G0600690,264728075.5783406
G2900730,123515210.29052246
G2700290,68328822.13484065
G2601230,212551078.06289005
G4800570,219459048.78306615
G2700610,293638957.1141907
G0801170,311904475.06330717
G2900270,310178325.5790465
G2901530,64947967.97868707
G3900350,8564046050.372398
G2002050,70060614.70400998
G4500010,190845798.8157478
G3100370,82775405.98535678
G5100670,483448676.23710686
G0600710,15882686461.746119
G5300290,495106698.75236464
G4801470,269338458.41591406
G5400130,44966777.71304993
G1900210,152992812.84719932
G4000490,241029790.7177326
G3801010,540903187.0222344
G3900050,298516367.8858527
G0501170,71394227.22154462
G1302590,27589177.116116866
G3101650,8491071.679289352
G1900650,141782946.56506473
G3101610,69074714.11859487
G1302130,205388575.91178232
G0500690,555570898.5514718
G2201030,2050117080.3960307
G1302210,113008259.47514127
G5101830,57650834.61722736
G1701490,95589990.6938456
G0500110,82836571.00931223
G1801490,118625071.32462396
G4201250,1423121993.874318
G3701310,171760215.94750756
G2200270,104331973.36692142
G2101570,229569723.64039358
G2001690,393708782.83841425
G1600390,194273375.42448577
G2001110,206389835.25041518
G3901210,65903542.68443399
G1901150,59934359.99044088
G1700590,32594107.002943274
G3101110,278611055.1570457
G5106400,78386581.47035646
G1700050,88096836.16823041
G2500070,113347675.12049836
G2902090,334882251.8006181
G3701590,1039177181.4483421
G3900970,249325687.37654787
G1302650,10065581.762789661
G2101710,87230854.873695
G1900550,75567556.0792365
G1901630,1197270905.3357086
G2902110,46918933.18646568
G3700170,286243015.17536426
G1201310,682220440.3937737
G2000710,10200873.972033603
G1701610,928285190.7675285
G4600690,12514233.796029093
G5107900,183089324.37715834
G1300450,876812694.8518063
G4804790,1829920152.1035614
G3700530,242940573.40448165
G5101790,901267831.4602287
G2101250,455849684.23934114
G3300070,196212109.657462
G1600830,612337323.7637982
G4804150,97123906.91988327
G3900250,1402238224.3527732
G4800610,3255309559.3428755
G1800770,219500009.94489968
G0600030,15915893.871686067
G4600390,13116929.187900836
G3800850,20373325.81428054
G4701850,203461841.6188329
G3600950,191988857.5186484
G3900890,956005243.6700941
G5400110,1118265013.5529983
G2800330,1309077220.9295354
G4200090,289372114.97574353
G2600370,381117626.9467671
G1302430,59372712.3290735
G4700890,427564963.19838053
G4600770,44095540.53005655
G5500190,140843387.40322265
G3901150,89877107.47486648
G4000110,97979549.26061341
G2902070,223914079.16522565
G4802790,94481863.32965457
G1900950,90364433.32118495
G4600490,11478717.280273521
G0500250,55352587.679691814
G2800830,169250468.25993222
G1800470,139566951.68335405
G2101950,480792287.9517429
G1300490,69022280.77793431
G0801190,153538426.356753
G4601190,12412674.886831164
G4900010,43299983.860931784
G1900470,109215557.02382816
G1901030,835220890.2654915
G4201170,258929339.8765772
G4601090,62285534.63977125
G0501310,1268253981.4368396
G0601030,333467290.0288306
G2400190,322579814.8987168
G4701310,236806577.3980896
G1200150,1657208544.1036978
G4802810,125626356.58655103
G3600690,783738135.8198173
G4600990,1305705604.3503935
G0101070,160388836.2558944
G2700390,70782292.5860557
G5500550,456692081.23619694
G5101390,158912904.27771693
G1700210,209012318.6183629
G4201210,269134788.77699697
G0100270,102202585.74110202
G1301130,817192412.1200823
G2601650,145971012.04179347
G3200070,332597981.729135
G1801830,176105734.12546253
G2101770,217102074.7467656
G2001050,29989521.34306382
G2600390,83907136.37853093
G1900750,62574491.21967049
G1200430,98922045.14594443
G2200530,211856870.7918873
G2901510,104264888.42005092
G4000950,155523868.8085153
G0800890,83388867.8476245
G2900850,118116839.91895613
G0100570,123071912.24405879
G1701710,22305107.96047038
G1301570,454397898.74833614
G4804570,144221681.295753
G4801290,27699968.618628345
G0200600,182653.2441273044
G2100510,148601485.11390823
G1301250,24894130.564264704
G1701030,163164651.30144718
G3900610,6606785293.632587
G3901290,295234232.57858086
G5100010,297876621.6391554
G3701930,537600189.804791
G1200690,2682877374.693667
G2100270,162340981.5569101
G0800790,9043792.082319176
G4804110,34757618.39969959
G2102090,433777171.16135716
G2900370,644154722.5797415
G1200550,956649077.5124621
G3200190,243502418.68802875
G2900170,67757412.43014249
G5401070,741466404.3491971
G0500930,344181850.6920233
G3900470,264566616.80486852
G4000090,165684678.41116408
G1801350,148703006.62719852
G2500090,4462842782.761946
G0400090,178584535.8006665
G3000210,52148704.6487071
G1701190,1773417653.3012958
G5101570,63057326.98783192
G4700350,397334385.6370837
G4800270,2586686398.271919
G5100610,519081156.3765066
G5101050,186463512.5792511
G3100710,11119608.686111636
G3700670,3459114963.1576014
G2001310,81513201.2013937
G2701510,86861827.5989034
G0501390,295332285.7565768
G2200550,2024583730.6136804
G5106830,280432151.72382164
G4900050,327020481.0566391
G2100850,164261845.27974486
G2800070,152341321.14984027
G3200170,34315827.652697645
G2100030,117743524.2902889
G2900570,51084956.77057
G4100210,21756072.65391911
G2800810,675756646.7254075
G3701950,773126464.4082224
G0101250,1490956214.7413988
G4200110,2531183643.0504913
G4601350,171336748.81232178
G1700190,1283316769.6188838
G2700450,109649100.06789093
G3600350,317148569.2309894
G3600610,19123987333.17209
G3400110,778594141.3243296
G1600430,119142781.38382106
G1301510,1617984147.1523848
G2801530,143445826.7111083
G2905100,3826880961.443005
G3500050,350840957.5154568
G3701090,630394481.4386145
G0801210,26678086.086052556
G3900830,316272248.87791985
G4500510,4285775928.3349447
G5501030,84512551.69279738
G0800450,264263148.870129
G3800590,187436491.67574865
G4801110,31702422.61039064
G3601230,144615856.87118807
G1600150,66686244.24229472
G3900550,521726027.1066261
G4802590,293498344.4538797
G1302350,71341901.27324365
G4000190,380745499.71833265
G2601110,465197248.24872804
G5400010,77257609.53297701
G3300010,409762659.9564065
G2000430,45427658.0546827
G4800690,38401835.123614214
G3000390,27434721.116250437
G0400110,53945671.84820658
G2400030,3851211848.8252916
G3101810,24869715.97963786
G5300590,89921116.0075518
G1700110,188348631.72321245
G5501330,2213522182.874339
G2500250,6086657010.737491
G1301590,132145678.1344572
G5400250,361619292.54663146
G5500610,74640348.4578633
G3100090,6191859.3754111035
G3600270,1863268076.4645553
G3100490,29867899.42176084
G5101490,230860871.4987554
G4601030,724245016.0993068
G0101110,215455870.99491614
G1300210,1335133752.4421594
G5401030,98746150.74212663
G2900430,528569634.9230402
G4001390,127091862.21285042
G3100870,16887332.414731394
G5100510,113564399.14705092
G0100690,870764441.0441254
G4801570,4760926201.618145
G1302010,37349135.95553962
G1300350,154030986.45268175
G5300110,2628025457.06347
G2801030,55662060.4971027
G0600730,18210605333.52841
G1300930,92176576.89711851
G2701490,27474308.925787922
G4100530,425865862.47020066
G4803890,99272156.1630278
G2700810,41881112.317524955
G4800010,299575489.9796579
G0500730,57472968.153539285
G1301630,115032360.6152246
G3900190,162535796.24440497
G4601210,29361548.675705627
G2001010,15317301.74333671
G4500630,2287443429.9915414
G0501050,83565072.85952961
G3101850,110407910.76384307
G5500250,3444006289.853595
G2101410,161876919.82972813
G0501330,121935781.45156851
G4001430,7254258082.584268
G3900690,169843981.106992
G0600910,23213233.02667365
G3200230,289574445.5881136
G0800850,207508141.05677634
G4200030,9373367191.732798
G3100890,87874610.6364341
G2001650,14610637.481582465
G3200330,77325515.73036692
G4900110,1325965152.6229146
G0201100,59656728.074072085
G1701210,226580066.37329876
G1800730,166148136.7228566
G3901550,1301782149.5121264
G4800450,14518373.274050321
G4803150,91545862.99184656
G5500490,144080581.01115435
G4900130,103045113.31053883
G2901150,99666304.75985244
G2900890,69032178.51897357
G2801250,31038742.605168074
G5000270,263491237.38137007
G0800950,26737300.63912435
G3600750,619956116.7067829
G5500630,612051488.0138429
G3101230,37765789.11679758
G3600290,5377866825.391917
G2902150,169667239.67680717
G3800950,21484750.871414244
G4600550,3207470.249662814
G5500770,78502668.83730605
G2001970,48308949.750230685
G2400430,1380826114.0477974
G1900370,54904237.016370595
G5101690,204911515.58543962
G3800730,41302386.6923429
G5300670,1823575726.2349443
G4803290,1103862235.3711557
G3000990,30406990.500902466
G4400010,228841930.12716788
G5101270,156984498.43090868
G4000570,14986305.577479515
G4200950,1909742268.962673
G1700930,514677183.8933431
G0500270,200684835.46799672
G4802290,19637960.112130657
G4804170,26590396.71253412
G2701470,182877740.03534693
G0501470,60996873.15440781
G0800610,10611294.679314123
G5105200,206635592.3378495
G1901970,71625574.5564253
G3100450,78512356.08409898
G2200430,118708557.59199764
G2000030,62249592.38288891
G4000650,237222739.23738313
G0800310,5208394332.964977
G3600850,2038154683.616547
G1200810,2895061949.044893
G3701050,429412339.91455793
G1900310,115198601.41702378
G1302110,133672620.37808663
G2800910,208262917.10116223
G1800130,143247532.5763433
G5100430,157728098.36368173
G1901050,98640141.63133831
G0101090,237651351.19737548
G2901730,75162292.48125818
G3000430,51171784.53654233
G3800570,96270850.2301767
G3900510,215299709.987754
G1600290,38479045.53035825
G0600050,160930192.6126539
G4802390,104024234.9923979
G2800230,116946394.89369752
G2902010,269218404.51600164
G5400730,40349272.01842964
G4200350,291899687.11139804
G0601150,377934034.19916314
G1901730,62092094.34922773
G2700890,59587073.97171801
G1300330,172529359.23914757
G1300670,5088838283.97238
G1900050,75977711.85223624
G3000890,74643907.48288159
G2101730,188394816.01611948
G0900030,5858917827.768906
G4201290,2253408446.1325297
G2601370,138224402.64597076
G2901290,18623975.428564675
G2101330,165880557.25553387
G3500090,257192966.3408069
G1901070,68443266.73474434
G4200310,172737371.26264375
G2002010,41008976.92323586
G1901250,213832142.69765553
G4804330,10267860.467318526
G2700310,88133943.3025954
G4803070,63910436.28802753
G0100290,81314218.3637072
G4803330,42737165.04690978
G0501030,220466813.90734428
G2700010,168261043.1064433
G1000030,3856293734.372308
G4700110,812543819.3250914
G1801190,131971061.87879324
G1301170,1266087473.6766338
G3700690,446719556.1747099
G1600090,62898241.79464289
G3300030,380106060.2040055
G4500850,890146302.4959548
G3901470,425677548.3357376
G1901890,47725933.73699912
G1600790,90925075.15610841
G1600050,476633582.48764986
G2102250,91580063.50033112
G4802910,532799129.8300308
G2101390,81932513.00634967
G0801070,135316614.27915153
G2101370,190125732.80491573
G4802930,186894582.37143233
G5400270,188614375.28888708
G1801170,149397694.58839816
G5400510,223550437.35317636
G3000470,233333424.28066474
G4600730,5537903.4089675695
G2201210,156572008.0851421
G2001170,61834063.76157748
G1700290,331328737.8042104
G0100250,180461865.40332317
G3700450,762671192.3220973
G3200310,2936061812.530635
G5600030,87213701.17633256
G2701730,55436930.3423526
G0800090,19411125.33659623
G3500370,69272233.35301745
G1801550,69951051.27525538
G1700510,114884405.73628187
G3000750,6452855.833757402
G3100770,20340481.377166837
G4804890,125093291.79261914
G4001010,645679360.7214737
G1801070,230103480.76849797
G1901810,242541205.9443358
G2700470,165002502.57747158
G0100410,114217194.12197867
G4700270,79448016.87457642
G3600830,1031771565.5685732
G4601230,66798906.99306625
G3800630,30102493.55193689
G2800130,96335611.23929879
G2101670,183592460.32208616
G5100650,135985956.29790178
G4800330,5043845.353207255
G4800550,242134381.3996564
G1701270,73625199.07902007
G4500350,944063494.7535417
G1700090,22983699.110837914
G1600490,105788509.63859454
G0600670,9328769881.33782
G1801030,191120400.92564583
G3101190,268021265.20512593
G4804650,318284320.0855514
G3000150,20554802.490460772
G5500450,165907680.38556242
G1301230,213505349.0582066
G3500270,199095572.93886793
G4802990,250192987.7450521
G0800830,134327427.1694488
G1301450,220474849.9227832
G5600150,78687992.12588292
G1300710,318103930.20080256
G0800550,39714748.81483938
G3101830,5237433.5696388
G2701670,20305551.17895446
G4803250,273403373.32627404
G4001310,655139695.2060559
G1900170,121469609.681509
G3601150,295883608.88630146
G0800110,16921513.00040104
G2801150,208981436.34946662
G2901670,218763796.2346152
G2700210,233032556.43045288
G2000370,287989649.50875723
G4802430,19122329.692171652
G3900730,206612014.05758414
G3700790,130931900.69730526
G3701610,526728414.67880654
G1800010,205781194.8092851
G3700470,462747010.3562926
G4500890,217250724.442781
G4804930,313527039.6097443
G5100330,192117597.79871115
G1301870,186264758.89267862
G4804990,388623028.14991486
G3600910,1358422308.7845273
G2700330,62389234.6283266
G4000810,303154749.1991634
G5100070,85186759.27689397
G4700670,35342863.214064375
G5500010,163309028.88130298
G2101190,139963510.76265472
G4600790,89312740.54290114
G5101910,466210514.49822503
G2100570,46292153.21617628
G0600270,133487660.10142538
G0800530,6734389.33257533
G4500870,226636216.54737622
G4001110,316099874.8119229
G1801090,463617082.13067377
G3901710,241501005.3468919
G2000050,97561823.88121238
G0201300,5068838.135729318
G2800550,6167932.235739606
