from_id,to_id,from_fraction
AL,01001,0.007827378160724917
AL,01003,0.016808321925781213
AL,01005,0.004769413835185185
AL,01007,0.00012570713805957456
AL,01009,0.002077947018455402
AL,01011,0.0015600539681865642
AL,01013,0.001617985549140074
AL,01015,0.0191402903080926
AL,01017,0.0013155245622656004
AL,01019,0.010295654935496038
AL,01021,0.0013098083586762775
AL,01023,0.01165722324114203
AL,01025,0.020997251131054377
AL,01027,0.0032777628402470326
AL,01029,0.0004651856023124968
AL,01031,0.006257077828953059
AL,01033,0.024247131037085777
AL,01035,0.0024762824316274497
AL,01037,0.0004202572941277018
AL,01039,0.01832053591597663
AL,01041,0.00021069293929978575
AL,01043,0.013482435866733243
AL,01045,0.002114067236478465
AL,01047,0.015257104820222068
AL,01049,0.012384998953516432
AL,01051,0.004023880573069739
AL,01053,0.019546810298815834
AL,01055,0.014581846767663777
AL,01057,0.0019588474919125763
AL,01059,0.003554905461235839
AL,01061,0.0011786654010626134
AL,01063,0.00012860423321166744
AL,01065,0.0051328687492630445
AL,01067,0.0002953709705379972
AL,01069,0.02033463841415517
AL,01071,0.025980956518354758
AL,01073,0.11761348107599236
AL,01075,0.0011147102345981182
AL,01077,0.006352156709379443
AL,01079,0.0007195877216771692
AL,01081,0.011538739034329797
AL,01083,0.025301377006712693
AL,01085,0.012140784312787048
AL,01087,0.0002625306727527215
AL,01089,0.03673034182735846
AL,01091,0.018004627052828466
AL,01093,0.007066628668799855
AL,01095,0.023269485763251316
AL,01097,0.11595757231768518
AL,01099,0.0037329098021938313
AL,01101,0.027733895164662084
AL,01103,0.0690999318604687
AL,01105,0.001161609481168919
AL,01107,0.0015722800713068624
AL,01109,0.009126802478515751
AL,01111,0.004299986391314715
AL,01113,0.008766545533926562
AL,01115,0.012542026341758172
AL,01117,0.011917603836612575
AL,01119,0.00013114974893761418
AL,01121,0.01527386670884003
AL,01123,0.001899427549149398
AL,01125,0.05714596430491823
AL,01127,0.004337988875142853
AL,01129,0.08631699196825951
AL,01131,0.004296492270601451
AL,01133,0.009439017435947147
AZ,04001,0.0005416450142516088
AZ,04003,0.003921785934979001
AZ,04005,0.018740897851721196
AZ,04007,0.00024357598415167674
AZ,04009,0.0005055674584856159
AZ,04011,0.0
AZ,04012,3.707484818897873e-05
AZ,04013,0.720489772961346
AZ,04015,0.033687034772785986
AZ,04017,0.002499246795377936
AZ,04019,0.07122154608011787
AZ,04021,0.08729158367204512
AZ,04023,0.005442454549225424
AZ,04025,0.030942996588259088
AZ,04027,0.02443481748906462
AR,05001,0.03206938723472474
AR,05003,0.03025121394631873
AR,05005,0.004042022462313691
AR,05007,0.05122257679091286
AR,05009,0.005991645446003645
AR,05011,0.0074489676706310775
AR,05013,3.2327965748616884e-05
AR,05015,0.004220005192285554
AR,05017,1.3021335922669224e-05
AR,05019,0.002713843474576114
AR,05021,0.0005004641714360128
AR,05023,0.0010779099376541832
AR,05025,0.0009999698782439548
AR,05027,0.048172544783844536
AR,05029,0.007812001887929168
AR,05031,0.020412977373973733
AR,05033,0.01882580038718
AR,05035,0.0024185981688566107
AR,05037,0.018678837084232895
AR,05039,0.004050342854542402
AR,05041,0.009598033465918338
AR,05043,0.026058449288345983
AR,05045,0.036186264526294566
AR,05047,0.006936149529524977
AR,05049,0.0001336837709488581
AR,05051,0.02021407981591775
AR,05053,0.006576886838030357
AR,05055,0.007221458953241796
AR,05057,0.007033554590098514
AR,05059,0.014465929119374395
AR,05061,0.013272219081115264
AR,05063,0.024419363786143965
AR,05065,0.0009696691901693884
AR,05067,0.020337345616773667
AR,05069,0.04439636076438412
AR,05071,0.023725187429335538
AR,05073,0.00011355032341068347
AR,05075,0.0012949388788441156
AR,05077,0.0
AR,05079,0.00032762529514612494
AR,05081,0.02897737535083094
AR,05083,0.00563768152909816
AR,05085,0.0192811002000159
AR,05087,0.0036188086236848454
AR,05089,0.004204010787580759
AR,05091,0.011926851236569513
AR,05093,0.1080706366951149
AR,05095,9.774839543945423e-05
AR,05097,0.00015154566093251464
AR,05099,0.009578635704316512
AR,05101,0.00017494422823831408
AR,05103,0.002226695617202663
AR,05105,3.2327965748616884e-05
AR,05107,0.002301842340647343
AR,05109,0.0004330359149744917
AR,05111,0.0005583429032816659
AR,05113,0.0050482037195958614
AR,05115,0.02614459383237661
AR,05117,3.493464757182579e-05
AR,05119,0.04796963472747147
AR,05121,0.0011600407986514366
AR,05123,0.02110829530808578
AR,05125,0.01228375872764118
AR,05127,0.0025634968810401173
AR,05129,0.00098131645665292
AR,05131,0.07898249305307369
AR,05133,0.0015591291998723086
AR,05135,9.909770028227893e-05
AR,05137,0.00031778608269076246
AR,05139,0.03678691895549161
AR,05141,0.0002804424414001811
AR,05143,0.02716042339764976
AR,05145,0.009570929950105115
AR,05147,0.0003324064108462654
AR,05149,0.006109306245474715
CA,06001,0.05465100055691311
CA,06003,3.5068558498130805e-08
CA,06005,0.001127438859830277
CA,06007,0.003453903649073956
CA,06009,0.00043187582111994826
CA,06011,0.0004998328608644143
CA,06013,0.043985718923112836
CA,06015,0.00011240034542534646
CA,06017,0.002349469700162998
CA,06019,0.021544518512468944
CA,06021,0.0019885881329485063
CA,06023,0.0018378265913009486
CA,06025,0.0024685849422156412
CA,06027,0.0002109846470589208
CA,06029,0.018587508317699748
CA,06031,0.006462198127202009
CA,06033,0.00018174928629433585
CA,06035,0.0
CA,06037,0.228090083294884
CA,06039,0.0033371191215469296
CA,06041,0.0011674945380612852
CA,06043,6.205060063355876e-05
CA,06045,0.002577775832634979
CA,06047,0.027802959889043095
CA,06049,5.160744198196549e-06
CA,06051,1.5449012581790424e-05
CA,06053,0.001304255209152156
CA,06055,0.00812781619432319
CA,06057,0.0009496295356289867
CA,06059,0.1259952959588173
CA,06061,0.007196787520421792
CA,06063,0.001328262501146017
CA,06065,0.03629670984529435
CA,06067,0.014798281124645403
CA,06069,0.001294184205799791
CA,06071,0.061978057494685566
CA,06073,0.05592556273940383
CA,06075,0.004230452052910873
CA,06077,0.018345941836040932
CA,06079,0.003151211810415852
CA,06081,0.005689267275971269
CA,06083,0.008813184375444936
CA,06085,0.11306896709209945
CA,06087,0.0031207704290632703
CA,06089,0.003268893256008854
CA,06091,0.0
CA,06093,0.0002608450871262262
CA,06095,0.009057457836094872
CA,06097,0.014539220611631286
CA,06099,0.023996321769775095
CA,06101,0.0008678200359372071
CA,06103,0.014069275100693253
CA,06105,0.0001684536311865398
CA,06107,0.021553283722132298
CA,06109,0.0008796923878724406
CA,06111,0.013913154804703119
CA,06113,0.0026463659852115256
CA,06115,0.000212851194528022
CO,08001,0.06353364310671178
CO,08003,0.0007448854500399358
CO,08005,0.06440363622273518
CO,08007,0.00011437869721570234
CO,08009,7.620913888302428e-05
CO,08011,0.0
CO,08013,0.05513067422881272
CO,08014,0.026387205022264153
CO,08015,0.0006560624711879138
CO,08017,0.0
CO,08019,0.0002402993611252612
CO,08021,0.0002020219118100419
CO,08023,0.0
CO,08025,0.0
CO,08027,4.6119781466541126e-05
CO,08029,0.005601854702056236
CO,08031,0.09798855203879549
CO,08033,6.968782178060661e-06
CO,08035,0.00989972812179445
CO,08037,0.0019466169641835396
CO,08039,0.003928847741924138
CO,08041,0.13597087168864094
CO,08043,0.011718138596034178
CO,08045,0.0027384244217536964
CO,08047,6.330731342277208e-05
CO,08049,0.0016941068494054673
CO,08051,0.0003188681959613706
CO,08053,0.0
CO,08055,0.0
CO,08057,0.0009047171973817756
CO,08059,0.11426324135739731
CO,08061,0.0
CO,08063,0.00022044794716160595
CO,08065,0.00012561781550923348
CO,08067,0.0012473549537049219
CO,08069,0.10166917497025467
CO,08071,0.004229819896213295
CO,08073,0.0
CO,08075,0.0023430661928779974
CO,08077,0.031941824308537634
CO,08079,0.00019563865418943612
CO,08081,0.0008078576754459771
CO,08083,0.00506118603710483
CO,08085,0.0041046646316337245
CO,08087,0.024425122230873505
CO,08089,0.004962393105438686
CO,08091,0.000351323527872916
CO,08093,0.000959091992674893
CO,08095,3.377661746563602e-05
CO,08097,0.0014761724196973576
CO,08099,0.0002822408256707086
CO,08101,0.08735877517518024
CO,08103,0.00019505312963198125
CO,08105,0.0008440328141398564
CO,08107,0.0006474166791977328
CO,08109,0.0009558141660949833
CO,08111,4.09859708281195e-05
CO,08113,0.0007065085556597319
CO,08115,0.00020649915691688562
CO,08117,0.00035743309158389476
CO,08119,0.00020036194971810866
CO,08121,2.3483990396817226e-05
CO,08123,0.1243549652176052
CO,08125,0.001092516937537715
CT,09001,0.1836033478878508
CT,09003,0.29658747917764844
CT,09005,0.023580659841195277
CT,09007,0.06504791979902635
CT,09009,0.32321714933730195
CT,09011,0.04552179647785258
CT,09013,0.020461572029914388
CT,09015,0.04198007544921031
DE,10001,0.16218675087706158
DE,10003,0.485129608558597
DE,10005,0.35268364056434154
DC,11001,1.0
FL,12001,0.009583518823435907
FL,12003,0.0007742532301802676
FL,12005,0.018207051441548622
FL,12007,0.0012167313899771105
FL,12009,0.02337510989823492
FL,12011,0.051506037277489806
FL,12013,0.00010268314155818455
FL,12015,0.0005016431812845546
FL,12017,0.00035978911249262677
FL,12019,0.0019312671654900368
FL,12021,0.006238817057784366
FL,12023,0.002524134296905682
FL,12027,0.0012077357519273359
FL,12029,0.005932315657450101
FL,12031,0.09685455969938662
FL,12033,0.07032981034701768
FL,12035,0.000698029908329018
FL,12037,0.00011208309513756367
FL,12039,0.0008787019954260045
FL,12041,7.701018766738707e-05
FL,12043,0.00025912607077499506
FL,12045,0.00038330827794955797
FL,12047,0.005503860571976074
FL,12049,0.0005795610931863995
FL,12051,0.0005173029268595286
FL,12053,0.006345620364258479
FL,12055,0.0022169076997855175
FL,12057,0.04994398188676192
FL,12059,0.00015343716405016234
FL,12061,0.0065115691098607785
FL,12063,0.002239479946570572
FL,12065,0.0002004014732667193
FL,12067,5.2646045514628176e-05
FL,12069,0.010056250699213422
FL,12071,0.007599485792403283
FL,12073,0.0021864149043524304
FL,12075,0.00015251602436566148
FL,12077,0.0029008884349852756
FL,12079,0.003951469122749536
FL,12081,0.009741295298808458
FL,12083,0.01273427677234224
FL,12085,0.002627245486885346
FL,12086,0.18878272774613342
FL,12087,0.0005331102894274579
FL,12089,0.0058378342796832315
FL,12091,0.0014837577588048634
FL,12093,0.00011664783437853134
FL,12095,0.037698452845135684
FL,12097,0.0028176135681353704
FL,12099,0.0667153552618527
FL,12101,0.0064416370954778835
FL,12103,0.08657662142352282
FL,12105,0.030254037054515345
FL,12107,0.04174217562100889
FL,12109,0.0036710098689059154
FL,12111,0.010793308233399166
FL,12113,0.0020381488799583454
FL,12115,0.029357310074659776
FL,12117,0.0287330964466574
FL,12119,0.011265310001641833
FL,12121,0.004328886655816967
FL,12123,0.008149374050527536
FL,12125,0.0008637835011100703
FL,12127,0.011085188926064173
FL,12129,4.294683315538585e-05
FL,12131,0.00021314962492927054
FL,12133,0.001190188299453132
GA,13001,0.001567029366407832
GA,13003,0.0023560049400747005
GA,13005,0.0033272765953483536
GA,13007,0.0
GA,13009,0.002997608857799977
GA,13011,0.000863896010646852
GA,13013,0.004430443946877089
GA,13015,0.03864654029107012
GA,13017,0.0023244536596259656
GA,13019,0.0001252478614511417
GA,13021,0.00861915736992815
GA,13023,1.2822850801696278e-05
GA,13025,0.0002285318834007897
GA,13027,0.0017131317745338688
GA,13029,0.0006107754459443681
GA,13031,0.0033931693179837874
GA,13033,0.0017040847029718147
GA,13035,0.0006038912161819585
GA,13037,6.799606424823002e-06
GA,13039,8.452708862832767e-05
GA,13043,0.00012089862594993703
GA,13045,0.019270307734853408
GA,13047,0.00430715306299903
GA,13049,2.147790542308343e-05
GA,13051,0.02849055535366354
GA,13053,0.0
GA,13055,0.01674258313551471
GA,13057,0.006398095426407921
GA,13059,0.00925306637353387
GA,13061,0.0
GA,13063,0.004632833694232865
GA,13065,0.0036082941109459783
GA,13067,0.034926184419509905
GA,13069,0.008318680495751737
GA,13071,0.00473355355839966
GA,13073,0.007128676679246996
GA,13075,0.00285763644510547
GA,13077,0.007115860301096659
GA,13079,0.00020949435319924232
GA,13081,0.0027014426559727246
GA,13083,0.0009818157131825196
GA,13085,0.002128966540227137
GA,13087,0.013339581782333907
GA,13089,0.01978319679871418
GA,13091,0.0005442648070873145
GA,13093,0.0018301049081206682
GA,13095,0.008962949454579455
GA,13097,0.008011207660909387
GA,13099,0.011761215820224914
GA,13101,3.897393420329701e-06
GA,13103,0.015810764354666836
GA,13105,0.0030500545000426067
GA,13107,0.005112049628398687
GA,13109,0.0013584950481558083
GA,13111,0.0005155039510353122
GA,13113,0.004765275699870561
GA,13115,0.01831790463376028
GA,13117,0.011427357289201748
GA,13119,0.0006525671043253003
GA,13121,0.03843311065754481
GA,13123,0.0011669743108905807
GA,13125,1.3216714421216022e-05
GA,13127,0.016679357361979702
GA,13129,0.037047198472458805
GA,13131,0.0013415445287887785
GA,13133,0.0011156273486285172
GA,13135,0.041525775776759526
GA,13137,0.01358517646594495
GA,13139,0.028092849689522473
GA,13141,0.001982995405951011
GA,13143,0.0010782413749982267
GA,13145,0.0015470055178461002
GA,13147,0.0016138604712173591
GA,13149,0.0008185296727446136
GA,13151,0.0053959456743005495
GA,13153,0.0070581817001054824
GA,13155,0.00021773759527557888
GA,13157,0.009825025861961574
GA,13159,0.0023726858562933897
GA,13161,0.007624109687039842
GA,13163,0.0055243592630842865
GA,13165,0.00029152489276690276
GA,13167,0.0001332548614378866
GA,13169,5.409993555385612e-05
GA,13171,0.0014512713653037392
GA,13173,2.6436665007520804e-05
GA,13175,0.011208674989641601
GA,13177,0.0006763252193677057
GA,13179,0.007955234805515115
GA,13181,0.0003416653729057269
GA,13183,0.0
GA,13185,0.015317544999352811
GA,13187,0.002210334373191406
GA,13189,0.008931140199690055
GA,13191,8.402800527414975e-06
GA,13193,0.0013642609041879424
GA,13195,0.00018767239240950458
GA,13197,0.001933573550124312
GA,13199,0.00036443003273624883
GA,13201,0.0
GA,13205,0.0017077249844351416
GA,13207,0.0006719956928231299
GA,13209,0.00011919707842324995
GA,13211,0.0018271506808910539
GA,13213,0.023663739734854538
GA,13215,0.014846766366219125
GA,13217,0.01118449183642312
GA,13219,0.00014287506969339308
GA,13221,0.00010852264767441723
GA,13223,0.0006029585745085513
GA,13225,0.0008404570116235497
GA,13227,0.000981569514458557
GA,13229,0.0007195089104208274
GA,13231,0.0008893927002482286
GA,13233,0.010777231358117798
GA,13235,0.014781672362196484
GA,13237,0.0008231121194806575
GA,13239,4.425855038071726e-05
GA,13241,0.0013831712844437779
GA,13243,0.0022449361689985724
GA,13245,0.047222327370440985
GA,13247,0.025451178092588636
GA,13249,0.0022911872776688906
GA,13251,0.002958522676670137
GA,13253,2.1258509565435777e-06
GA,13255,0.008885117840159521
GA,13257,0.0036684784917289264
GA,13259,2.2744636854501126e-05
GA,13261,0.001688802303880983
GA,13263,1.3498169383794141e-05
GA,13265,0.0
GA,13267,5.5229926544182194e-05
GA,13269,0.0003809539004672413
GA,13271,0.0014423979602735785
GA,13273,0.0018455816941894778
GA,13275,0.003852746288660392
GA,13277,0.0019160941299292814
GA,13279,0.0008019813728738916
GA,13281,2.970298396491374e-05
GA,13283,0.0010556617754936643
GA,13285,0.024637898198820604
GA,13287,0.0003547457025597462
GA,13289,0.0
GA,13291,0.00031714476094445697
GA,13293,0.003947148247496023
GA,13295,0.03570283539764149
GA,13297,0.0033033462895802664
GA,13299,0.002669704543327707
GA,13301,0.0007100736340270338
GA,13303,0.0006058124665395499
GA,13305,0.007538666015176593
GA,13307,0.0009722432775467327
GA,13309,0.0
GA,13311,0.0013334191305610598
GA,13313,0.07026349933455352
GA,13315,0.00033751681831364157
GA,13317,0.007449329585561201
GA,13319,0.008541778835351089
GA,13321,4.5055399312465e-05
ID,16001,0.1075215343976789
ID,16003,0.0013110495827720634
ID,16005,0.0655461253942582
ID,16007,0.00024026344794469027
ID,16009,0.013708406190011554
ID,16011,0.020391849929707183
ID,16013,0.008452754029151141
ID,16015,0.0004840033084517501
ID,16017,0.014711790925119912
ID,16019,0.0372599685633371
ID,16021,0.005906723003005906
ID,16023,1.7492288495679567e-05
ID,16025,0.00019677400881069153
ID,16027,0.09324242936339447
ID,16029,0.07776531038676565
ID,16031,0.014513852582516777
ID,16033,0.0006363876752412827
ID,16035,0.0023872272183887116
ID,16037,0.0005151166826420778
ID,16039,0.008069936690676448
ID,16041,0.0020448176826553368
ID,16043,0.002080455444719231
ID,16045,0.0013821601297592083
ID,16047,0.02154021516826876
ID,16049,0.0032770213859952095
ID,16051,0.010419312371936293
ID,16053,0.03403218112061603
ID,16055,0.055565462970377275
ID,16057,0.002629104993978379
ID,16059,0.001581670906559943
ID,16061,0.0010070023098122007
ID,16063,0.0031945782381180786
ID,16065,0.011918581625622374
ID,16067,0.01986973537360376
ID,16069,0.22783878271795113
ID,16071,0.00023959671884102456
ID,16073,0.00038612472082591177
ID,16075,0.037332016002524025
ID,16077,0.011543605061384613
ID,16079,0.003985171575780925
ID,16081,0.00492380437425249
ID,16083,0.06128694622180703
ID,16085,0.0002889497839598388
ID,16087,0.008753707432280721
IL,17001,0.003724829736323852
IL,17003,0.00013903969234936242
IL,17005,0.0012228056518201285
IL,17007,0.0036407888457130155
IL,17009,0.0001821761931660468
IL,17011,0.002808783983533412
IL,17013,4.5084232853135764e-05
IL,17015,0.0010656805169641465
IL,17017,0.0014476037567579358
IL,17019,0.0071398696458884366
IL,17021,0.08590552553247692
IL,17023,0.0007134078707323354
IL,17025,0.00030267382229181715
IL,17027,0.0003451227112184115
IL,17029,0.002482790793212747
IL,17031,0.27953512168569544
IL,17033,0.00785714605545646
IL,17035,0.00037473936598004696
IL,17037,0.0015510588634275475
IL,17039,0.0003460701444481521
IL,17041,0.004804967950819081
IL,17043,0.0519646491087458
IL,17045,0.0014166494570678004
IL,17047,7.043923858023247e-05
IL,17049,0.014350130998107419
IL,17051,0.00014513063678503382
IL,17053,0.0005296428253875298
IL,17055,0.0002577408798470074
IL,17057,0.00010813277794669033
IL,17059,2.9080704073001367e-05
IL,17061,0.0001764853796622427
IL,17063,0.0040550190564936925
IL,17065,2.667217816670949e-05
IL,17067,0.00011056066786650263
IL,17069,0.00010804416305477046
IL,17071,4.608638907945632e-06
IL,17073,0.007578758253730534
IL,17075,0.0005119964852219998
IL,17077,0.00045989689448170274
IL,17079,0.0008795078228565638
IL,17081,0.008704087101964906
IL,17083,0.00016250618364352848
IL,17085,0.0036803897818955948
IL,17087,7.407276421205928e-05
IL,17089,0.035978194740301554
IL,17091,0.024266468984926962
IL,17093,0.0025791830452087695
IL,17095,0.0016934801994995445
IL,17097,0.04139189589743689
IL,17099,0.010331825048709317
IL,17101,3.120048426731454e-05
IL,17103,0.002572773584982893
IL,17105,0.00354013497244133
IL,17107,0.001895598690263542
IL,17109,0.0028565727400634874
IL,17111,0.022180019734597406
IL,17113,0.0029873902675899835
IL,17115,0.08587036729741267
IL,17117,0.000552043586248184
IL,17119,0.05632706431691692
IL,17121,0.0009201473358415619
IL,17123,0.001248904986613007
IL,17125,7.362158983054409e-05
IL,17127,0.009662152915537153
IL,17129,1.7204358958040267e-05
IL,17131,0.000770732318205572
IL,17133,0.0001396643584889072
IL,17135,0.0003345327468896674
IL,17137,0.002786200219162595
IL,17139,0.0020482014135562807
IL,17141,0.004319810443443594
IL,17143,0.031153656604933053
IL,17145,0.00022697442854962142
IL,17147,0.00013687650269124434
IL,17149,6.864465330692188e-05
IL,17151,0.0
IL,17153,2.9326272829151984e-05
IL,17155,0.0010453113248858916
IL,17157,0.0020891929310321595
IL,17159,0.000346271316871969
IL,17161,0.013174105413246819
IL,17163,0.010953602726189051
IL,17165,0.0001645034673204621
IL,17167,0.002752357714124536
IL,17169,9.553915107722871e-06
IL,17171,6.01666748119609e-05
IL,17173,0.000216618231855103
IL,17175,0.00010270107331764252
IL,17177,0.008783631813988889
IL,17179,0.019558482360367068
IL,17181,0.00019428853040989556
IL,17183,0.0036687305584789222
IL,17185,3.8065253049915666e-05
IL,17187,0.0013218151633122605
IL,17189,0.002012798389202386
IL,17191,8.266075525334941e-05
IL,17193,0.0003578341419506077
IL,17195,0.012638359571730817
IL,17197,0.045753563111155936
IL,17199,0.0071130992737982015
IL,17201,0.015868332210299818
IL,17203,0.0016636002887072587
IN,18001,0.0073933918139286675
IN,18003,0.03075377671984646
IN,18005,0.014205792402928987
IN,18007,0.00013846058919621422
IN,18009,0.0014341424859179528
IN,18011,0.0007051001183196022
IN,18013,0.00045983786542882354
IN,18015,0.0015028873216455028
IN,18017,0.004726949440109144
IN,18019,0.027235812875922586
IN,18021,0.00048524570537396695
IN,18023,0.0036047019362278705
IN,18025,4.7778433841199655e-05
IN,18027,0.009909905525301714
IN,18029,0.0024780189233332404
IN,18031,0.006005862677439566
IN,18033,0.04122847632379531
IN,18035,0.0026611056480119835
IN,18037,0.010374661108722283
IN,18039,0.05703240333997724
IN,18041,0.0003992818135320815
IN,18043,0.004062159482179695
IN,18045,0.001077775067466224
IN,18047,0.000324603381061276
IN,18049,0.005630397866552476
IN,18051,0.0028469319510635574
IN,18053,0.0037667267425964598
IN,18055,0.0007945540677803995
IN,18057,0.00791014139594174
IN,18059,0.0032127841512279483
IN,18061,0.0016192291707023345
IN,18063,0.015560167985944832
IN,18065,0.009759572826915657
IN,18067,0.0010788680378899464
IN,18069,0.006576536226734463
IN,18071,0.006665791964640011
IN,18073,0.0012061662239170087
IN,18075,0.0027523143063429823
IN,18077,0.006065363027043568
IN,18079,0.0041670404370583725
IN,18081,0.003260911480982942
IN,18083,0.0013910024911366376
IN,18085,0.01605457357146781
IN,18087,0.00482873497757064
IN,18089,0.20102394381692165
IN,18091,0.024408202981432196
IN,18093,0.0036434606206688647
IN,18095,0.0038442966750636275
IN,18097,0.05066367722690287
IN,18099,0.007469635208488789
IN,18101,0.00038727859934477917
IN,18103,0.0019804621157299305
IN,18105,0.005732477385067434
IN,18107,0.02559770490176513
IN,18109,0.0033600748777768727
IN,18111,0.0004332874711539578
IN,18113,0.009232156161974904
IN,18115,8.319717276826919e-06
IN,18117,0.001552711078455916
IN,18119,0.0008981293847238766
IN,18121,0.00024791451199332557
IN,18123,0.006810770059266849
IN,18125,0.00012775400102768076
IN,18127,0.06735169185229549
IN,18129,0.04032633128511527
IN,18131,0.0037679396383529283
IN,18133,0.005856117809000676
IN,18135,0.00351377125875531
IN,18137,0.0015006423685963693
IN,18139,0.0005076685553624511
IN,18141,0.02689865745289783
IN,18143,0.0026761964216137405
IN,18145,0.013779127562330816
IN,18147,0.011496202167171031
IN,18149,0.0005034326145026719
IN,18151,0.006258859570864684
IN,18153,0.00021151957114252644
IN,18155,2.0887448797028876e-05
IN,18157,0.03264740230584758
IN,18159,0.0005345386422086713
IN,18161,0.0007459659381552988
IN,18163,0.022058053453845566
IN,18165,0.0020688607261511996
IN,18167,0.026904534445924586
IN,18169,0.007368994429267111
IN,18171,0.0004102607602418717
IN,18173,0.004054799939561432
IN,18175,0.0023956138371953174
IN,18177,0.0053488573022571345
IN,18179,0.003001264064187234
IN,18181,0.007156194311192644
IN,18183,0.019817417569112664
IA,19001,0.0020472774275633824
IA,19003,0.0008445419604711006
IA,19005,0.003634253046577786
IA,19007,0.0037833391513503603
IA,19009,0.0002583459337212735
IA,19011,0.0006269528054060016
IA,19013,0.04664112539445696
IA,19015,0.0020646218731922247
IA,19017,0.0037282235888942993
IA,19019,0.00437554246940975
IA,19021,0.008677176514886042
IA,19023,0.003671885049920841
IA,19025,0.00024207298303972847
IA,19027,0.01568585100943089
IA,19029,0.0006163392945330955
IA,19031,0.00152157984438654
IA,19033,0.012482487903842201
IA,19035,0.004125221999005471
IA,19037,0.0035259779001819936
IA,19039,0.0027721029449930545
IA,19041,0.001914062443853805
IA,19043,0.0026816201212178214
IA,19045,0.02417840000142123
IA,19047,0.009707971090099082
IA,19049,0.00554055854172407
IA,19051,0.0007701914048993013
IA,19053,0.00011173562162737452
IA,19055,0.0037023818191854172
IA,19057,0.013853142266144343
IA,19059,0.00892701605840838
IA,19061,0.04289671583243005
IA,19063,0.0026436472285310667
IA,19065,0.0019032016216494175
IA,19067,0.00450575443213057
IA,19069,0.0027424352138404155
IA,19071,0.007189326189798049
IA,19073,0.0002477048454682669
IA,19075,0.00019672935401204004
IA,19077,0.0031487576086340397
IA,19079,0.011787688860733623
IA,19081,0.001055163440553642
IA,19083,0.0031936219640204904
IA,19085,0.00048621898166600083
IA,19087,0.007346470828392412
IA,19089,0.008097089776276515
IA,19091,0.003468072230519865
IA,19093,0.006158936500891793
IA,19095,0.005925640580469747
IA,19097,0.0028060273650132553
IA,19099,0.005601539548377451
IA,19101,0.002981325967986175
IA,19103,0.012007972482389233
IA,19105,0.0018960097409311467
IA,19107,0.0006748102946828354
IA,19109,0.005580592372000714
IA,19111,0.08433100246078193
IA,19113,0.08669517239750421
IA,19115,0.0034814423945297075
IA,19117,0.00015337839127634682
IA,19119,0.01173969979997996
IA,19121,0.0002188802551831648
IA,19123,0.0056459075289435725
IA,19125,0.01987312925368428
IA,19127,0.02586277622706211
IA,19129,0.0001967384882672281
IA,19131,0.0014876223911384522
IA,19133,0.00020102929421796746
IA,19135,0.004837440213870257
IA,19137,0.000625279040917412
IA,19139,0.05398778435718772
IA,19141,0.0026415164413501266
IA,19143,0.001773572786836899
IA,19145,0.004920798509888839
IA,19147,0.0022753067762767806
IA,19149,0.04631003495037697
IA,19151,0.0005636054871910494
IA,19153,0.08590440252362627
IA,19155,0.024120573782881866
IA,19157,0.005434908180981264
IA,19159,0.00012535124150436414
IA,19161,0.0007006078755346413
IA,19163,0.035067083836139774
IA,19165,0.02152051835268343
IA,19167,0.017220989337691266
IA,19169,0.017028253343206654
IA,19171,0.003603538094172779
IA,19173,0.0001575569336772486
IA,19175,0.002598907236064362
IA,19177,0.0011764182849632837
IA,19179,0.006751653096842383
IA,19181,0.0003753133498148729
IA,19183,0.002216213156704009
IA,19185,0.0008781825039489858
IA,19187,0.03321753775265078
IA,19189,0.0005512785818405496
IA,19191,0.0029833724141457903
IA,19193,0.03767389747914266
IA,19195,0.0035797875266558726
IA,19197,0.0020380859434192696
KS,20001,0.014081983464512313
KS,20003,0.0014358278830643794
KS,20005,0.03620294114092531
KS,20007,0.0011814497173099363
KS,20009,0.002425199762003855
KS,20011,0.005544061595243157
KS,20013,0.0008127086689655171
KS,20015,0.05323677457483431
KS,20017,3.186592333345671e-05
KS,20019,0.00344726840782045
KS,20021,0.0069848063542923165
KS,20023,2.0079630618858743e-05
KS,20025,0.0
KS,20027,0.0006422587245713831
KS,20029,0.0008222825946851525
KS,20031,0.0004805980054036148
KS,20033,0.00016479006231463463
KS,20035,0.02148466831361555
KS,20037,0.014367891866405705
KS,20039,8.057771899813872e-06
KS,20041,0.0016359289010926083
KS,20043,0.0016516045290782522
KS,20045,0.026847351930211944
KS,20047,0.00021158724503104903
KS,20049,2.3171312976151372e-05
KS,20051,0.005828008895604629
KS,20053,0.0010791185663456945
KS,20055,0.031328105668474354
KS,20057,0.018779313869373166
KS,20059,0.0012843012401618531
KS,20061,0.006155147290795625
KS,20063,0.003923617901528918
KS,20065,2.1546344025469462e-05
KS,20067,0.002014815899407823
KS,20069,0.0002718261368876253
KS,20071,0.0
KS,20073,0.00040308303731800366
KS,20075,0.0
KS,20077,0.0075449436068066545
KS,20079,0.015233115444199382
KS,20081,0.0
KS,20083,0.0
KS,20085,0.0037886371555564506
KS,20087,0.0009748150089187134
KS,20089,0.0
KS,20091,0.07221290549320829
KS,20093,0.0001763503263614597
KS,20095,0.0026386511700418397
KS,20097,0.0
KS,20099,0.007965223251043756
KS,20101,1.031957930798725e-05
KS,20103,0.004841367926784869
KS,20105,2.0079630618858743e-05
KS,20107,0.0006405882938076755
KS,20109,0.0
KS,20111,0.01103198886326262
KS,20113,0.08906674407825878
KS,20115,0.0005575998315807974
KS,20117,0.0049612679229880585
KS,20119,1.031957930798725e-05
KS,20121,0.002293547060339896
KS,20123,0.0017887239583141085
KS,20125,0.06091409360849114
KS,20127,0.0006453493135672152
KS,20129,0.0002877132974210269
KS,20131,0.0031211534900697445
KS,20133,0.009763788263136588
KS,20135,0.00021944301441239862
KS,20137,0.0008755153832220715
KS,20139,0.0004983305906199156
KS,20141,0.0006689810406555948
KS,20143,0.0001249326709779491
KS,20145,0.0
KS,20147,0.005491986533400951
KS,20149,0.006399385638629936
KS,20151,0.0015182289574835626
KS,20153,0.0002596022756501161
KS,20155,0.04076357761299168
KS,20157,0.0036812146399038052
KS,20159,0.0026700039239509086
KS,20161,0.003500047563809556
KS,20163,0.00010466476020859117
KS,20165,0.011258735162197017
KS,20167,0.003433451854804428
KS,20169,0.02341857492883582
KS,20171,0.00019952163933761107
KS,20173,0.2004437748105914
KS,20175,0.015306178061692925
KS,20177,0.047711503532088057
KS,20179,0.00011536973989697673
KS,20181,0.0015589594456383222
KS,20183,0.00018666990566944697
KS,20185,2.1546344025469462e-05
KS,20187,0.0011346496273037102
KS,20189,0.005765218253092091
KS,20191,0.001605989760418714
KS,20193,0.0011981484931771606
KS,20195,6.317231866979767e-05
KS,20197,0.004053458969772613
KS,20199,0.0006491857799361606
KS,20201,0.0004618670378932049
KS,20203,0.0015589594456383222
KS,20205,0.0011617368714596373
KS,20207,0.0001763503263614597
KS,20209,0.04641773370205583
KY,21001,0.00036803020180390625
KY,21003,0.0001441794270440752
KY,21005,0.002479707723846317
KY,21007,0.01069579238956741
KY,21009,0.010111392869375624
KY,21011,0.0024178850609372043
KY,21013,0.003664478590619723
KY,21015,0.03207920705605209
KY,21017,0.0030686586154219033
KY,21019,0.06525530779619411
KY,21021,0.007308651238782312
KY,21023,0.0020295818075641665
KY,21025,0.000126475749826098
KY,21027,0.00027397608512009445
KY,21029,0.014416590702374065
KY,21031,0.002301438709088045
KY,21033,0.00030713789045229526
KY,21035,0.006278098569083662
KY,21037,0.006620909678100496
KY,21039,7.2617210319128e-05
KY,21041,0.06794473615135561
KY,21043,0.0017738980374137482
KY,21045,0.006781801897073941
KY,21047,0.058749585847138325
KY,21049,0.005753724286835032
KY,21051,0.0019873950378184505
KY,21053,0.0011280460293663093
KY,21055,0.0007509487150311368
KY,21057,0.00011973715990593995
KY,21059,0.0550835458745636
KY,21061,0.00020067836273904389
KY,21063,0.0
KY,21065,0.0003415061886160196
KY,21067,0.016699140378224134
KY,21069,0.0004558750337271587
KY,21071,4.384159515480205e-05
KY,21073,0.010867834251350982
KY,21075,0.0016760800476528547
KY,21077,4.2432770069485654e-06
KY,21079,0.00025499298832760763
KY,21081,0.0005268930498834562
KY,21083,0.0027151923974647243
KY,21085,0.00469394835429337
KY,21087,7.349981399110954e-05
KY,21089,0.002249838425260849
KY,21091,0.015478304973070345
KY,21093,0.014702352524091621
KY,21095,0.00021747321783563222
KY,21097,0.005980489561014736
KY,21099,0.008005950528602746
KY,21101,0.014800565899819745
KY,21103,1.6988845246818214e-06
KY,21105,0.0009272264046526669
KY,21107,0.02217485282853072
KY,21109,0.0005331347675703384
KY,21111,0.0979685123434398
KY,21113,0.004314549791271978
KY,21115,9.22258955552394e-05
KY,21117,0.005092222629896894
KY,21119,6.03933614017596e-06
KY,21121,0.002118267200706899
KY,21123,0.00033523028489584053
KY,21125,0.002976008423845513
KY,21127,2.398917367547972e-05
KY,21129,4.2432770069485654e-06
KY,21131,4.2138998504358435e-05
KY,21133,0.00018881678597061548
KY,21135,0.0009391174798085851
KY,21137,0.00025280957751899183
KY,21139,0.00017297169672387508
KY,21141,0.02049754884721198
KY,21143,0.0
KY,21145,0.026309376847425653
KY,21147,0.001112363221122
KY,21149,0.00031377577840809885
KY,21151,0.01353617306658274
KY,21153,0.00021005518662958292
KY,21155,0.011179864580276193
KY,21157,0.1169897208759239
KY,21159,1.6988845246818214e-06
KY,21161,0.012297294662753741
KY,21163,0.008309445068072697
KY,21165,7.076394819835126e-05
KY,21167,0.008196582393128092
KY,21169,0.0021320984976732297
KY,21171,0.0014836780628603465
KY,21173,0.01401453600406053
KY,21175,0.0004819663966739427
KY,21177,0.0017306812118286353
KY,21179,0.015478941155245507
KY,21181,0.0002578115470459814
KY,21183,0.003481735398768009
KY,21185,0.0019678005357342417
KY,21187,0.00021866341529976072
KY,21189,1.8632940651992432e-05
KY,21191,0.001307276721025314
KY,21193,0.00015446245593911506
KY,21195,0.0019413414576310338
KY,21197,9.983776833132269e-05
KY,21199,0.02072543129690685
KY,21201,0.0
KY,21203,9.81754536219695e-05
KY,21205,0.0065611689131091985
KY,21207,0.019164896243651235
KY,21209,0.004459145485094386
KY,21211,0.008707451145933121
KY,21213,0.002618141206907288
KY,21215,4.71604450444348e-05
KY,21217,0.005925205727435236
KY,21219,0.0003619718353988361
KY,21221,0.00039760743446463925
KY,21223,0.00016824083848177037
KY,21225,0.0008063762641763378
KY,21227,0.01902415316017742
KY,21229,0.0025760473356331863
KY,21231,0.026416539715133955
KY,21233,0.00020212579712864512
KY,21235,0.0037167332809980307
KY,21237,3.545916289722308e-05
KY,21239,0.005947549272337261
LA,22001,0.0032655613294520374
LA,22003,0.0024791341104805774
LA,22005,0.15591852886785285
LA,22007,0.003274696005677404
LA,22009,0.00030292242416822855
LA,22011,0.044799388476900424
LA,22013,0.0037682990470004167
LA,22015,0.053707897063039536
LA,22017,0.06726632755621985
LA,22019,0.08243500122976889
LA,22021,4.7682804645426415e-05
LA,22023,0.0
LA,22025,0.00037816149280843367
LA,22027,0.0006359784192996205
LA,22029,0.0020402486746147214
LA,22031,0.012541568637272087
LA,22033,0.12154896406393956
LA,22035,0.0015752791440123651
LA,22037,0.00823913101039605
LA,22039,0.006409619238267913
LA,22041,5.1051062533476935e-05
LA,22043,0.0004469354474317994
LA,22045,0.017623736387401494
LA,22047,-0.119639068159596
LA,22049,0.010437220942285521
LA,22051,0.029287615699660294
LA,22053,0.0007618742204897113
LA,22055,0.018046833550434283
LA,22057,0.013754721873695275
LA,22059,7.050695863520978e-05
LA,22061,0.008287676996412738
LA,22063,0.007226405384760978
LA,22065,3.5626061759425476e-05
LA,22067,0.0032106780126968967
LA,22069,0.010738815957317275
LA,22071,0.005277354238896717
LA,22073,0.026260537957656337
LA,22075,0.05362144272029915
LA,22077,0.007726250752503596
LA,22079,0.005787123410734626
LA,22081,0.00133353522637267
LA,22083,0.0030825649484461453
LA,22085,0.000284457801661124
LA,22087,0.0776080664347834
LA,22089,-0.20851802497566402
LA,22091,0.0006039655425305149
LA,22093,0.0945636896504943
LA,22095,0.07135256596039219
LA,22097,0.05341962882181098
LA,22099,0.003699708195810379
LA,22101,0.029096281277148285
LA,22103,0.010131532218263439
LA,22105,0.006579964070133359
LA,22107,2.7080593805036004e-05
LA,22109,0.01217857323821303
LA,22111,0.005025109856018991
LA,22113,0.0015802250339883583
LA,22115,0.000349980361929619
LA,22117,0.04657022891402062
LA,22119,0.04211066105530675
LA,22121,0.06519090783049235
LA,22123,0.0003530534694838613
LA,22125,0.010430832057636247
LA,22127,0.0032976833450972386
ME,23001,0.1528336186964858
ME,23003,0.11597201093517817
ME,23005,0.09526751226987003
ME,23007,0.03402605763295209
ME,23009,-0.07251197663008825
ME,23011,0.015097040123081528
ME,23013,0.0165569976347369
ME,23015,0.006514747984164469
ME,23017,0.04235212033647615
ME,23019,0.09088978653137551
ME,23021,0.07619535217084679
ME,23023,0.000473654314976394
ME,23025,0.326607505288777
ME,23027,0.02166388398799648
ME,23029,0.019921341116970175
ME,23031,0.0581403476062007
MD,24001,0.047673620149303556
MD,24003,0.05222462861435999
MD,24005,0.062522065955232
MD,24009,0.00158314791634573
MD,24011,0.005628613023066953
MD,24013,0.06424758108663971
MD,24015,0.0878360878203522
MD,24017,0.00312641350373592
MD,24019,0.02866609454236174
MD,24021,0.0535553508259982
MD,24023,0.008410045988524403
MD,24025,0.08807125542302455
MD,24027,0.06498123942722446
MD,24029,0.012245079583902838
MD,24031,0.033193763766814925
MD,24033,0.04326125758235855
MD,24035,0.00946250837332013
MD,24037,0.004607222240736125
MD,24039,0.00120646159284684
MD,24041,0.015150303297165879
MD,24043,0.06636986346540652
MD,24045,0.01778537077780367
MD,24047,0.0066426340847506125
MD,24510,0.22154939095872447
MA,25001,0.0032541875912019797
MA,25003,0.033352009156281434
MA,25005,0.12300034920542133
MA,25007,0.00039354811282184694
MA,25009,0.1730545243029795
MA,25011,0.027608712726181855
MA,25013,0.0924901733220149
MA,25015,0.016396420871081646
MA,25017,0.20771254301481837
MA,25019,0.010463080053541162
MA,25021,0.06859210778578043
MA,25023,0.04372715256363497
MA,25025,0.03425041646160275
MA,25027,0.16570477483263787
MI,26001,0.00013446633489513628
MI,26003,0.0003161668033080059
MI,26005,0.014628618933819074
MI,26007,0.009382530092609651
MI,26009,0.000817079286584322
MI,26011,0.0006570986533681211
MI,26013,0.0015004048751766435
MI,26015,0.003996927156732891
MI,26017,0.04298462959254684
MI,26019,0.0006819278088118847
MI,26021,0.01733720998979258
MI,26023,0.0025261752643378865
MI,26025,0.020128603129661495
MI,26027,0.003629053032931909
MI,26029,0.0057075852912775015
MI,26031,0.006427105286719092
MI,26033,0.0005154128377219745
MI,26035,0.0051327630237672905
MI,26037,0.0022083486708318802
MI,26039,0.0018825380831007273
MI,26041,0.010063778101398723
MI,26043,0.012283474877535583
MI,26045,0.006846414074826358
MI,26047,0.0024033034847633513
MI,26049,0.010135707615032467
MI,26051,0.001188794464362727
MI,26053,0.001472080968666081
MI,26055,0.0041447798119614646
MI,26057,0.0024975302841866113
MI,26059,0.003962026635925431
MI,26061,0.0011716380782409506
MI,26063,0.005654974445946987
MI,26065,0.008619919760382466
MI,26067,0.0028373401303458798
MI,26069,0.0009149765263566662
MI,26071,0.0007994972773089336
MI,26073,0.0022756856070762985
MI,26075,0.022022982428743856
MI,26077,0.02413692884596871
MI,26079,0.00023615735182854242
MI,26081,0.06740202964285097
MI,26083,1.1824699130632512e-05
MI,26085,0.00012386138046830761
MI,26087,0.008764079740203797
MI,26089,0.0003541792581577513
MI,26091,0.005625707686706246
MI,26093,0.010362698180944702
MI,26095,0.0010839575385076083
MI,26097,9.417089286366128e-05
MI,26099,0.07031005040673058
MI,26101,0.008638875252942579
MI,26103,0.0023098847250430854
MI,26105,0.0044779735999027764
MI,26107,0.021677373337302904
MI,26109,0.043856585375937104
MI,26111,0.05391095577819871
MI,26113,0.0010568278444653908
MI,26115,0.030757428128361495
MI,26117,0.0026771028908644666
MI,26119,0.0003730187753445969
MI,26121,0.023472983909847357
MI,26123,0.005105609190775424
MI,26125,0.05541820060106156
MI,26127,0.003857224482812052
MI,26129,0.000255177686031409
MI,26131,8.098091632143312e-05
MI,26133,0.017853226160894443
MI,26135,0.0001194772784543498
MI,26137,0.0006671314450370443
MI,26139,0.06277179497592779
MI,26141,0.00024175329740108798
MI,26143,4.857990469831764e-05
MI,26145,0.018274536871166078
MI,26147,0.012707793582685405
MI,26149,0.013374331078489279
MI,26151,0.004918483426070393
MI,26153,0.00018188294143122678
MI,26155,0.0016250219109136632
MI,26157,0.02068722481353549
MI,26159,0.004555844575689136
MI,26161,0.010073722787575701
MI,26163,0.13972777540923695
MI,26165,0.005850022700163989
MN,27001,0.0012121556271985372
MN,27003,0.057576754015525276
MN,27005,0.00651626587002432
MN,27007,0.007491341228763359
MN,27009,0.014117143968192273
MN,27011,3.334787994002084e-05
MN,27013,0.014582223994250998
MN,27015,0.008680690510397007
MN,27017,0.018094612877879633
MN,27019,0.014421800980402471
MN,27021,0.00043938744303416227
MN,27023,0.0038349594143715854
MN,27025,0.003439799199603141
MN,27027,0.003299925199787557
MN,27029,3.2245595200286776e-05
MN,27031,0.00012673062874292445
MN,27033,0.0051648016767828426
MN,27035,0.0057636546552979106
MN,27037,0.12520200530498432
MN,27039,0.002130990750372912
MN,27041,0.008082018192416565
MN,27043,0.003070149032303295
MN,27045,0.001888431011174209
MN,27047,0.009017656374891598
MN,27049,0.0715921059271908
MN,27051,0.00028661022664367287
MN,27053,0.1162972687726669
MN,27055,0.0004913316779155501
MN,27057,0.003264640759457744
MN,27059,0.002007339146377951
MN,27061,0.023441567714872148
MN,27063,0.0033621346465645976
MN,27065,0.0008716332045066574
MN,27067,0.0085484861542293
MN,27069,7.070525395437167e-05
MN,27071,0.019962524939867905
MN,27073,0.0003693898183109306
MN,27075,0.0019443562287829836
MN,27077,0.0008127045763785075
MN,27079,0.004887802078207141
MN,27081,3.9860852131609586e-05
MN,27083,0.027320460184392478
MN,27085,0.007933072430154254
MN,27087,0.0
MN,27089,0.00034898417753076737
MN,27091,0.005332497318002431
MN,27093,0.003316327800900892
MN,27095,0.0035931609872390064
MN,27097,0.007911628931175496
MN,27099,0.007163052697225487
MN,27101,0.0023166991664695558
MN,27103,0.004894627389971701
MN,27105,0.005944150851641374
MN,27107,0.0
MN,27109,0.012099774829657088
MN,27111,0.005345796095964785
MN,27113,0.0003869539121517422
MN,27115,0.00041374538379060127
MN,27117,0.0017070283342650022
MN,27119,0.008293422162313914
MN,27121,0.000911417717651191
MN,27123,0.07523805615947889
MN,27125,0.0003469437041294326
MN,27127,0.00438654161284656
MN,27129,0.009118418145659269
MN,27131,0.00939619967078658
MN,27133,0.0027232121663362664
MN,27135,0.013211734930852512
MN,27137,0.041735544843781544
MN,27139,0.017351110100018153
MN,27141,0.008182876865964436
MN,27143,0.0016872446879614654
MN,27145,0.028826465118708892
MN,27147,0.019842919711139818
MN,27149,0.0030848457824361928
MN,27151,0.002982136838002346
MN,27153,0.008449548592949071
MN,27155,0.00011388854084697706
MN,27157,0.002269213414837591
MN,27159,0.00044361200264834234
MN,27161,0.0036633779311667533
MN,27163,0.04074404724307088
MN,27165,0.007926582391097628
MN,27167,9.394286587115623e-05
MN,27169,0.0074047398244227285
MN,27171,0.01210197422325872
MN,27173,0.0009724688516340474
MS,28001,0.0014366076447151763
MS,28003,0.012337648606359938
MS,28005,0.001724238108833325
MS,28007,0.0018768685271446663
MS,28009,0.00033657065744595034
MS,28011,0.005868254518856621
MS,28013,0.0028299334570530813
MS,28015,3.028763169703727e-05
MS,28017,0.017313517342425915
MS,28019,0.0014709062866149968
MS,28021,0.0006612180649655861
MS,28023,0.0039051114440355715
MS,28025,0.0019800040409538523
MS,28027,0.0022158395451393523
MS,28029,0.011420296005818807
MS,28031,0.0026573131171589953
MS,28033,0.018485622224633437
MS,28035,0.01653779988884316
MS,28037,0.0004220287450164225
MS,28039,0.0020374143127268093
MS,28041,1.7862656743784233e-05
MS,28043,0.03832082336596001
MS,28045,0.009713880458315251
MS,28047,0.004402650452476292
MS,28049,0.01579181738512834
MS,28051,0.010123580649062255
MS,28053,8.931328371892116e-06
MS,28055,0.0
MS,28057,0.0034123324808804337
MS,28059,0.055945892420175204
MS,28061,0.01850151636702132
MS,28063,4.4347473932151174e-05
MS,28065,0.00026046434439078116
MS,28067,0.05076104865606772
MS,28069,0.001711137403544625
MS,28071,0.025870330920580605
MS,28073,0.0015570096696351178
MS,28075,0.005419499622680375
MS,28077,0.02372186084660969
MS,28079,0.0023043283081322133
MS,28081,0.04487845194684939
MS,28083,0.007874653134264093
MS,28085,0.014720339305321236
MS,28087,0.11888591639180447
MS,28089,0.00660195754670098
MS,28091,0.005515842376174194
MS,28093,0.0016566512843252598
MS,28095,0.00880820806503677
MS,28097,0.0005746661038119256
MS,28099,0.001806033401425566
MS,28101,0.002521070971750224
MS,28103,0.0012399097815160422
MS,28105,0.005006364032764033
MS,28107,0.005370443873257577
MS,28109,0.0008966867786885446
MS,28111,0.000882032188706294
MS,28113,0.005726893111398215
MS,28115,0.039825287123049724
MS,28117,0.009933586358700017
MS,28119,8.931328371892116e-06
MS,28121,0.049645887626292594
MS,28123,0.010475494541685582
MS,28125,0.0
MS,28127,0.005822084893810696
MS,28129,0.008643323649326408
MS,28131,0.00010651508754695033
MS,28133,0.0008838145838681063
MS,28135,9.201391140636574e-05
MS,28137,0.002550551854624133
MS,28139,0.0068649794076885
MS,28141,0.0071058897257568745
MS,28143,0.002474086998539216
MS,28145,0.0068427272423744806
MS,28147,0.0016818896447604675
MS,28149,0.1734917407058277
MS,28151,0.006332308782519013
MS,28153,0.0028941277533448538
MS,28155,0.0028889006948844683
MS,28157,0.002028038547653216
MS,28159,0.04382875018018579
MS,28161,0.00836411759615964
MS,28163,0.0008120364876816255
MO,29001,0.003081947856816842
MO,29003,9.95575224150304e-05
MO,29005,0.00018609709703870544
MO,29007,0.007903066849641665
MO,29009,0.07741348725874728
MO,29011,0.0010387505494633528
MO,29013,0.00021296443546588362
MO,29015,0.0010158151076778473
MO,29017,0.00035196802868752537
MO,29019,0.00856442827563474
MO,29021,0.05175666476273741
MO,29023,0.009491535301897693
MO,29025,0.00023670282680673382
MO,29027,0.003326677413364609
MO,29029,0.0013203079309625982
MO,29031,0.0480336873708434
MO,29033,0.001188663711427356
MO,29035,0.0008076079604006058
MO,29037,0.005490954932540529
MO,29039,0.0009584067829733048
MO,29041,0.00040871336871104857
MO,29043,0.0018481230962630734
MO,29045,0.0004270135498072962
MO,29047,0.053117556243636205
MO,29049,0.00016949398701427253
MO,29051,0.0025624648591882943
MO,29053,0.001396925858923169
MO,29055,0.007730632115720127
MO,29057,0.0004319981851368881
MO,29059,0.0004409839088833312
MO,29061,0.0003118656693283384
MO,29063,0.00011201616608305911
MO,29065,0.0013292964914495083
MO,29067,0.0025119425957491805
MO,29069,0.0002550147474716627
MO,29071,0.023942678145321736
MO,29073,0.0037564683425971475
MO,29075,0.0003568434790624516
MO,29077,0.043243768430995276
MO,29079,0.003295132825554002
MO,29081,0.00030336403833219574
MO,29083,0.0036536779206124974
MO,29085,3.275858275924699e-05
MO,29087,1.4718212867829199e-05
MO,29089,0.00028260403405922017
MO,29091,0.011872227985103026
MO,29093,0.00023554966209250394
MO,29095,0.08717642102038456
MO,29097,0.037507017021369354
MO,29099,0.018855224975335833
MO,29101,0.004197803534412472
MO,29103,0.00033144732642339164
MO,29105,0.011678939168004734
MO,29107,0.005262528287889367
MO,29109,0.0026282974088783924
MO,29111,0.00041878044329713473
MO,29113,0.0061907165691167465
MO,29115,0.003272146621000409
MO,29117,0.0016410728802995283
MO,29119,0.010954003567415826
MO,29121,0.0038061516140257805
MO,29123,0.0007027787013577228
MO,29125,0.0018500541784958484
MO,29127,0.003511673923394086
MO,29129,0.00011201616608305911
MO,29131,0.0002368424602677325
MO,29133,2.5508807210011704e-05
MO,29135,0.006087083055532801
MO,29137,0.0013034306399161385
MO,29139,0.0016036649421610069
MO,29141,0.006155904506320447
MO,29143,0.0033293743763540234
MO,29145,0.01509341038060878
MO,29147,0.002769141184704525
MO,29149,0.0005892307013966845
MO,29151,0.006493174882786128
MO,29153,0.00012313818358916984
MO,29155,0.0005621191541923293
MO,29157,0.003402872411493613
MO,29159,0.01589440607912556
MO,29161,0.0017267800770129377
MO,29163,0.004188729847303627
MO,29165,0.0036991639205453293
MO,29167,0.0004067627189370752
MO,29169,0.0006036092074698581
MO,29171,3.392699936991888e-05
MO,29173,0.006242469401683349
MO,29175,0.0011143115617087865
MO,29177,0.0006110247909661598
MO,29179,0.0013209622659369625
MO,29181,0.0013974196429396067
MO,29183,0.040044953631282576
MO,29185,0.000816396816358695
MO,29186,0.028480926016214575
MO,29187,0.010847943439401146
MO,29189,0.11509077108940938
MO,29195,0.016001295438289553
MO,29197,0.00013868860818156624
MO,29199,0.00017685306392680142
MO,29201,0.016466528776473296
MO,29203,0.0018459784769480638
MO,29205,8.559933902639819e-05
MO,29207,0.005136398202561026
MO,29209,0.0005361182961821141
MO,29211,0.006044828939370546
MO,29213,0.0012202683189108693
MO,29215,0.0018223379929170336
MO,29217,0.003217921711114913
MO,29219,0.0028760119997674085
MO,29221,0.0129766741995842
MO,29223,0.0013823089138814521
MO,29225,0.001673166550016944
MO,29227,2.9656447412225055e-05
MO,29229,0.000704315193450999
MO,29510,0.06074939845433575
MT,30001,0.008981097474875601
MT,30003,0.0
MT,30005,0.0006719322228457397
MT,30007,0.006174525918496057
MT,30009,0.0018167711466221248
MT,30011,2.04620232047087e-05
MT,30013,0.018371733040651324
MT,30015,0.0007055075543073911
MT,30017,0.002746888596581579
MT,30019,5.407031657952331e-05
MT,30021,0.0006063312688820442
MT,30023,0.0007516890550192723
MT,30025,2.1204718861768576e-05
MT,30027,0.004155416358115481
MT,30029,0.0913625855684157
MT,30031,0.0593544590742874
MT,30033,0.0
MT,30035,2.1204718861768576e-05
MT,30037,2.04620232047087e-05
MT,30039,0.00116696762587425
MT,30041,0.0004712192244945421
MT,30043,0.02503799724663899
MT,30045,4.5105968845823395e-05
MT,30047,0.0070369783263815105
MT,30049,0.010149130240519352
MT,30051,0.0
MT,30053,0.004026072385121939
MT,30055,4.5105968845823395e-05
MT,30057,0.000753794139206464
MT,30059,8.494471947592742e-07
MT,30061,0.0396639579173134
MT,30063,0.05132592137703529
MT,30065,0.0012487670936879084
MT,30067,0.008170800603097494
MT,30069,0.0
MT,30071,6.56009539636953e-05
MT,30073,0.00015581289165534205
MT,30075,0.0005734656711642895
MT,30077,0.003847526258154994
MT,30079,0.000552260952302521
MT,30081,0.01871586622962922
MT,30083,0.017755996261889638
MT,30085,2.1204718861768576e-05
MT,30087,0.000552260952302521
MT,30089,0.009471707636702093
MT,30091,9.021193769164679e-05
MT,30093,0.07063461610028784
MT,30095,0.002570772426219518
MT,30097,0.001308794464073357
MT,30099,0.0001442822542711701
MT,30101,0.000552260952302521
MT,30103,0.0
MT,30105,0.0005932179606251015
MT,30107,4.5105968845823395e-05
MT,30109,9.98826603746946e-05
MT,30111,0.5272701441046126
NE,31001,0.0206525919850446
NE,31003,0.000615801809947523
NE,31005,0.0
NE,31007,0.0
NE,31009,0.0
NE,31011,0.0041082189423495424
NE,31013,0.003511309775387698
NE,31015,0.0002761297865384236
NE,31017,7.016725892843523e-05
NE,31019,0.01699484055400004
NE,31021,0.19037033327144812
NE,31023,0.000499463504839881
NE,31025,0.0061489053591796084
NE,31027,0.0012378957830087244
NE,31029,6.410772619548997e-05
NE,31031,0.00029781869393983896
NE,31033,0.00011098106952084859
NE,31035,0.0005193244540786503
NE,31037,0.0065271526218139315
NE,31039,0.0018730015267733803
NE,31041,0.0015689060365630023
NE,31043,0.038592110238250585
NE,31045,1.8590734821138792e-05
NE,31047,0.015207154966441812
NE,31049,0.0
NE,31051,0.0
NE,31053,0.01688419128211203
NE,31055,0.12143888913580107
NE,31057,0.00023455172995523143
NE,31059,0.004879616606957671
NE,31061,0.0
NE,31063,0.00019457640390396094
NE,31065,0.002109233110594986
NE,31067,0.012026949490526009
NE,31069,2.5566103821047685e-05
NE,31071,0.0007998885579439266
NE,31073,0.00021834959573327682
NE,31075,2.3773191829315878e-05
NE,31077,0.00041130769914353134
NE,31079,0.039617950945018424
NE,31081,0.004030546802968098
NE,31083,0.00021673129523957038
NE,31085,0.00019457640390396094
NE,31087,7.300329233520515e-05
NE,31089,0.0018913983291461312
NE,31091,0.0003891528078079219
NE,31093,0.0003957678898833145
NE,31095,0.007231936838084415
NE,31097,0.004321574700570241
NE,31099,0.0020481149719914073
NE,31101,0.0004879217777345402
NE,31103,0.0
NE,31105,0.0010883517549490822
NE,31107,0.0004350808909728472
NE,31109,0.06720088415721458
NE,31111,0.003296968461878222
NE,31113,4.0334534366174096e-05
NE,31115,0.0
NE,31117,0.0
NE,31119,0.021644692435472745
NE,31121,0.004735199724171798
NE,31123,0.0015017307070537876
NE,31125,0.0
NE,31127,0.00047987907542550184
NE,31129,4.933929565036356e-05
NE,31131,0.006910615546663181
NE,31133,0.00023152863143103603
NE,31135,0.00026589597939190854
NE,31137,0.0038937022639350225
NE,31139,0.004243853349334097
NE,31141,0.09032849845984053
NE,31143,9.00633384549638e-05
NE,31145,0.0011963916438257698
NE,31147,0.0009239306810397911
NE,31149,2.3773191829315878e-05
NE,31151,0.006912643176549397
NE,31153,0.01740256497853828
NE,31155,0.0033435092514333027
NE,31157,0.0015688424937963204
NE,31159,0.003911961879880958
NE,31161,0.00021673129523957038
NE,31163,4.7546383658631755e-05
NE,31165,0.0
NE,31167,0.04881795171903948
NE,31169,0.004489075363398708
NE,31171,2.3773191829315878e-05
NE,31173,0.0005347830142282773
NE,31175,0.0017667940044412544
NE,31177,0.15686273046888902
NE,31179,0.005612928629438148
NE,31181,0.0
NE,31183,2.3773191829315878e-05
NE,31185,0.010473301772832717
NV,32001,0.014522159347186257
NV,32003,0.6673512907135323
NV,32005,0.012596221551492115
NV,32007,0.008295862855447523
NV,32009,0.020551693723269808
NV,32011,4.0175540270802726e-05
NV,32013,0.007673948900239175
NV,32015,0.0
NV,32017,5.840090729690074e-05
NV,32019,0.07731374613620665
NV,32021,0.0
NV,32023,0.03283102494221757
NV,32027,0.00027965986813130775
NV,32029,0.000491894591712694
NV,32031,0.13285319107925297
NV,32033,0.00018675061173308897
NV,32510,0.02495397923201081
NH,33001,0.02471243594869525
NH,33003,0.016939224185143337
NH,33005,0.0850487737446604
NH,33007,0.037694209144565484
NH,33009,0.08335245651831433
NH,33011,0.3519760193202659
NH,33013,0.061093078240108414
NH,33015,0.16221194813521245
NH,33017,0.08953661303394796
NH,33019,0.08743524172908644
NJ,34001,0.005623557273725422
NJ,34003,0.11072077852767571
NJ,34005,0.02830086147308501
NJ,34007,0.03499274119077398
NJ,34009,0.0008854884499256778
NJ,34011,0.03322333982984736
NJ,34013,0.05904356500295194
NJ,34015,0.08361316549380163
NJ,34017,0.02679524135097456
NJ,34019,0.015789234975745862
NJ,34021,0.026037596873231737
NJ,34023,0.12576165661936226
NJ,34025,0.019367752586538063
NJ,34027,0.029057184398707366
NJ,34029,0.01503893156087727
NJ,34031,0.05826238764811261
NJ,34033,0.0860898644463039
NJ,34035,0.058785479291610536
NJ,34037,0.006171490549192491
NJ,34039,0.16361661881430956
NJ,34041,0.012823063643246996
NM,35001,0.24083197184705837
NM,35003,0.00036426053518709195
NM,35005,0.047261557047051476
NM,35006,0.0004906360661389365
NM,35007,0.0008688893216401047
NM,35009,0.013076051881029544
NM,35011,0.00038448175656224514
NM,35013,0.05882061376693489
NM,35015,0.20853138033563534
NM,35017,0.0043253777280948804
NM,35019,0.0
NM,35021,0.0
NM,35023,0.0005552473334400875
NM,35025,0.13132166624275973
NM,35027,0.00031167764481016225
NM,35028,0.00017774565617046414
NM,35029,0.005819923455166106
NM,35031,0.1265046893976299
NM,35033,0.00014189415599229161
NM,35035,0.0011396936233001775
NM,35037,0.0009839357155791613
NM,35039,0.0008282022860443693
NM,35041,0.007216571080958964
NM,35043,0.086079964638139
NM,35045,0.011422812456076663
NM,35047,0.0007545590177662397
NM,35049,0.030172003159954768
NM,35051,0.0010480469919615803
NM,35053,0.00010830394925173587
NM,35055,0.0026607971971719198
NM,35057,0.004412774196352502
NM,35059,0.001650210606377889
NM,35061,0.011734060909763463
NY,36001,0.022067513866086696
NY,36003,0.005447570408291522
NY,36005,0.010278853356455906
NY,36007,0.009522512061295141
NY,36009,0.007542664066632931
NY,36011,0.01273852605581178
NY,36013,0.02895242557093089
NY,36015,0.008065704408969225
NY,36017,0.00992042439386979
NY,36019,0.009678846268185467
NY,36021,0.002736435686917034
NY,36023,0.006510714404717643
NY,36025,0.004340147514040541
NY,36027,0.013504430504103828
NY,36029,0.15697883504850316
NY,36031,0.007615526231552916
NY,36033,0.003709415805505554
NY,36035,0.010134683535099588
NY,36037,0.005468894092785862
NY,36039,0.0008669665321906988
NY,36041,6.866019016342483e-05
NY,36043,0.015878492019019256
NY,36045,0.012201541499474269
NY,36047,0.04280019016894355
NY,36049,0.0037245663089085054
NY,36051,0.0016736508432260806
NY,36053,0.0032853966346535015
NY,36055,0.0490942603216413
NY,36057,0.010992143820971204
NY,36059,0.024756673909733972
NY,36061,0.022272276823624256
NY,36063,0.03781375316823456
NY,36065,0.015948966283849127
NY,36067,0.05887583067623874
NY,36069,0.014523006724190234
NY,36071,0.01603532433131788
NY,36073,0.009281690019095235
NY,36075,0.010838861481934914
NY,36077,0.00182025089926541
NY,36079,0.0018890325381154347
NY,36081,0.03149688836742059
NY,36083,0.005364357466983272
NY,36085,0.0052591957989426225
NY,36087,0.01066480360898648
NY,36089,0.014565126506594306
NY,36091,0.02736308134257937
NY,36093,0.00842835022979854
NY,36095,0.0012025170306044265
NY,36097,0.003853006949450385
NY,36099,0.003015735001935281
NY,36101,0.006767606220588242
NY,36103,0.1096852219357064
NY,36105,0.001169027664829216
NY,36107,0.0022175760948499406
NY,36109,0.0019466912569119886
NY,36111,0.0068440192379653824
NY,36113,0.016732789910480824
NY,36115,0.013362490336727824
NY,36117,0.01337472828276213
NY,36119,0.017947091647713964
NY,36121,0.002385351081193198
NY,36123,0.006498685552428615
NC,37001,0.016986563409698553
NC,37003,0.004421843315191575
NC,37005,0.000773569506240466
NC,37007,0.004517164057995603
NC,37009,0.0007678743486664782
NC,37011,4.9039155742120287e-05
NC,37013,0.001015997963320013
NC,37015,0.004552765274949524
NC,37017,0.006069311837815025
NC,37019,0.007677244673157815
NC,37021,0.01724423007473043
NC,37023,0.01679660772707893
NC,37025,0.007802173395901822
NC,37027,0.005102454548075662
NC,37029,1.9512259560830026e-06
NC,37031,0.00046203958325884695
NC,37033,5.9588838411817924e-05
NC,37035,0.032320407116244676
NC,37037,0.012868740362254978
NC,37039,0.0022887113909004354
NC,37041,4.0620285003637505e-05
NC,37043,0.00029588222374714405
NC,37045,0.023557924523407926
NC,37047,0.017527469781787996
NC,37049,0.006729083370187006
NC,37051,0.04177650904013255
NC,37053,3.1845792377575e-05
NC,37055,4.1686119594816506e-05
NC,37057,0.01799835191198554
NC,37059,0.0031304500523459127
NC,37061,0.014140401909827108
NC,37063,0.01011495943100063
NC,37065,0.002506586615221765
NC,37067,0.06411466396597862
NC,37069,0.0076770640252865055
NC,37071,0.030847031402933007
NC,37073,0.00013929263856148392
NC,37075,0.00028716169935350417
NC,37077,0.009253133145209556
NC,37079,0.0006449345682049356
NC,37081,0.05792224356125256
NC,37083,0.007816571788391052
NC,37085,0.005389738486253983
NC,37087,0.01090127028082682
NC,37089,0.011576672167724164
NC,37091,0.008250870235198488
NC,37093,0.0027567871600118693
NC,37095,1.2452442350480461e-05
NC,37097,0.014381692791718921
NC,37099,0.007131827441611191
NC,37101,0.007016150817984035
NC,37103,3.3254632693681657e-05
NC,37105,0.009970085527116297
NC,37107,0.007059619702401809
NC,37109,0.005128478203890876
NC,37111,0.008879814792718056
NC,37113,0.0007597598264477992
NC,37115,0.0015499896378661385
NC,37117,-0.0001854250339976416
NC,37119,0.046252652950944134
NC,37121,0.00072183641100292
NC,37123,0.007177041826612294
NC,37125,0.002758758855008153
NC,37127,0.02292593939846187
NC,37129,0.012669789140156667
NC,37131,0.0016372909018738438
NC,37133,0.001069105444430045
NC,37135,0.0011389982786887836
NC,37137,0.00019933655680158814
NC,37139,0.0014503295268537683
NC,37141,0.0006350799821008635
NC,37143,1.1193226875140297e-05
NC,37145,0.004955438581338953
NC,37147,0.031158277443732858
NC,37149,0.00038943007221362366
NC,37151,0.02520683543055517
NC,37153,0.01830343487229441
NC,37155,0.007866454475870893
NC,37157,0.03166821591539021
NC,37159,0.012447033876155136
NC,37161,0.004933366956321722
NC,37163,0.0051564087241753424
NC,37165,0.002486338543254619
NC,37167,0.01556467869233399
NC,37169,0.0030331298478024505
NC,37171,0.005197390198468075
NC,37173,0.0014107880683618295
NC,37175,0.0005391265737429882
NC,37177,0.0
NC,37179,0.01733228721596151
NC,37181,0.0037763797677823215
NC,37183,0.051940522847913166
NC,37185,0.0005851102499249727
NC,37187,0.009777165708803954
NC,37189,0.0019065984977674603
NC,37191,0.014479933573158093
NC,37193,0.01583542528755655
NC,37195,0.039101395940464884
NC,37197,0.01527450498412375
NC,37199,0.0020417903845223262
ND,38001,0.0
ND,38003,0.014938661589113021
ND,38005,0.001674435416429138
ND,38007,0.0
ND,38009,0.002283728470592287
ND,38011,0.00037257881673117264
ND,38013,0.0
ND,38015,0.02986851663475324
ND,38017,0.20466495210062263
ND,38019,0.0010573594753955343
ND,38021,0.002342117114731361
ND,38023,0.00013031925554348906
ND,38025,0.0010027708938388413
ND,38027,0.0008167720254570582
ND,38029,3.731982135259752e-05
ND,38031,0.00019279199717603903
ND,38033,0.0
ND,38035,0.0980864301526716
ND,38037,0.00044276540785318137
ND,38039,0.0013325530920982641
ND,38041,0.0012581111324887434
ND,38043,0.00038558399435207816
ND,38045,0.002580351385624901
ND,38047,9.299943419089157e-05
ND,38049,0.0017613160381922271
ND,38051,0.0010729723452172545
ND,38053,0.00985183259870529
ND,38055,0.0071683720849527646
ND,38057,0.0027666342002964474
ND,38059,0.06974115990892864
ND,38061,0.0
ND,38063,0.00019958512597029494
ND,38065,0.001956153556086471
ND,38067,0.01692096361301587
ND,38069,0.0001300353092537261
ND,38071,0.0050016293402084565
ND,38073,0.002037559886247252
ND,38075,9.979256298514747e-05
ND,38077,0.34598904892353016
ND,38079,0.0006484503272743145
ND,38081,0.026946384760502748
ND,38083,9.979256298514747e-05
ND,38085,9.299943419089157e-05
ND,38087,0.0
ND,38089,0.023371671002482348
ND,38091,0.00024058744993847602
ND,38093,0.023723393196497765
ND,38095,0.0011113126431572154
ND,38097,0.05645192390369204
ND,38099,0.025710289679837125
ND,38101,0.00756945301079712
ND,38103,0.0024902718609345893
ND,38105,0.0032852964631041527
OH,39001,0.0002894362313297173
OH,39003,0.02016794309582428
OH,39005,0.0035125801566601466
OH,39007,0.007026597284443519
OH,39009,0.00019939904899768637
OH,39011,0.006363703000462207
OH,39013,0.00047480590223941953
OH,39015,0.0005755292757843623
OH,39017,0.027116577090461034
OH,39019,0.002358390747197202
OH,39021,0.004849162914637681
OH,39023,0.00616854013854309
OH,39025,0.010531909324434997
OH,39027,0.0028399714913312753
OH,39029,0.006204128381268213
OH,39031,0.017973781104108154
OH,39033,0.0030667902015176643
OH,39035,0.10787944328888059
OH,39037,0.013767802615017158
OH,39039,0.01300780778178025
OH,39041,0.004362499037515068
OH,39043,0.006977291978678389
OH,39045,0.006777448446156718
OH,39047,0.0026921956919087548
OH,39049,0.03624307308329833
OH,39051,0.007453538058503446
OH,39053,0.00017713706750941845
OH,39055,0.010445503604011093
OH,39057,0.003719136099122566
OH,39059,0.008317743357204083
OH,39061,0.04989897475294648
OH,39063,0.017818114443693654
OH,39065,0.0011578723570341073
OH,39067,0.0004974507146965386
OH,39069,0.0028725594446573225
OH,39071,0.0009749260099674351
OH,39073,0.0010831402000168544
OH,39075,0.02384123887368789
OH,39077,0.004337161226443151
OH,39079,0.004943729833061465
OH,39081,0.0032236256429832347
OH,39083,0.004224471088998604
OH,39085,0.01417023341464978
OH,39087,0.0006057515326053131
OH,39089,0.01414692748963913
OH,39091,0.002074346396634476
OH,39093,0.027080788317523592
OH,39095,0.052253314491743065
OH,39097,0.001526349441247458
OH,39099,0.013979657545508816
OH,39101,0.010339008702069366
OH,39103,0.006319512401644627
OH,39105,3.1851726911509546e-05
OH,39107,0.004721677184393265
OH,39109,0.016864885584071683
OH,39111,5.473686929975465e-05
OH,39113,0.034433986893268466
OH,39115,0.00014176198240135342
OH,39117,0.00015654484336524998
OH,39119,0.008743403085264313
OH,39121,0.0003527775290422167
OH,39123,0.008977372797018981
OH,39125,0.0035587591142944046
OH,39127,0.0005347120195074187
OH,39129,0.003437635658761946
OH,39131,0.01321384305024745
OH,39133,0.008198353452690632
OH,39135,0.002052421414015371
OH,39137,0.005352137498218505
OH,39139,0.018036018895072666
OH,39141,0.0043812079767264235
OH,39143,0.010004868717350951
OH,39145,0.0017320603422924517
OH,39147,0.005362045064808907
OH,39149,0.007942705601048306
OH,39151,0.0922986242765575
OH,39153,0.024105734696113212
OH,39155,0.02435218868827963
OH,39157,0.010026262380605538
OH,39159,0.002226462033350035
OH,39161,0.01107661646912259
OH,39163,7.743217581978629e-05
OH,39165,0.01374938588446976
OH,39167,0.02179322024805034
OH,39169,0.011542766328142865
OH,39171,0.007300750839753996
OH,39173,0.01885802082900818
OH,39175,0.005397748030375556
OK,40001,0.002658461044194432
OK,40003,7.562010777635584e-05
OK,40005,0.0001289465367260088
OK,40007,2.3473492842642853e-05
OK,40009,0.002041768861867554
OK,40011,0.00130098932069723
OK,40013,0.007974453122880669
OK,40015,0.00038605726293934
OK,40017,0.006780550126460788
OK,40019,0.05889036001974105
OK,40021,0.0002984946934339829
OK,40023,0.0003354401933872867
OK,40025,0.0
OK,40027,0.01316942393311222
OK,40029,6.0405490757177865e-05
OK,40031,0.040173478315005375
OK,40033,0.0
OK,40035,0.0005410348172611661
OK,40037,0.04476263772147561
OK,40039,0.008765403817407732
OK,40041,0.005035135201066238
OK,40043,0.0006265519165215001
OK,40045,8.552438803533198e-06
OK,40047,0.02356529356662298
OK,40049,0.04361296130467347
OK,40051,0.0036020444238947435
OK,40053,4.392380769533728e-05
OK,40055,6.417105868495423e-05
OK,40057,0.001212833009145635
OK,40059,0.0001611624298270986
OK,40061,0.002347679264196882
OK,40063,2.4612355224804515e-05
OK,40065,0.004360913357543008
OK,40067,0.00012014628657381844
OK,40069,5.445446330302383e-05
OK,40071,0.04459660072412953
OK,40073,0.001330179805441966
OK,40075,0.00037560075158750113
OK,40077,0.0014588321572269732
OK,40079,0.0010303065092839932
OK,40081,0.0030660086699080395
OK,40083,0.0011590606310342639
OK,40085,0.00019016518348332622
OK,40087,0.0009159640965781163
OK,40089,0.06217485168898617
OK,40091,0.0001940959207616813
OK,40093,5.2750814687556614e-05
OK,40095,0.008103116350201625
OK,40097,0.04618963104591547
OK,40099,0.0010940091341607176
OK,40101,0.01824320584964259
OK,40103,0.0031845437138518116
OK,40105,0.002307769532400901
OK,40107,0.00017002314761754692
OK,40109,0.11125746257586146
OK,40111,0.010961897357565318
OK,40113,0.005167602750328537
OK,40115,0.0022745990316195984
OK,40117,0.00042700175426872293
OK,40119,0.012756128848372541
OK,40121,0.003192786712788734
OK,40123,0.008444438487516021
OK,40125,0.011045453722218013
OK,40127,7.146889543303654e-05
OK,40129,2.5668423473981537e-05
OK,40131,0.04511859821467032
OK,40133,0.0023777529879611026
OK,40135,0.002197498467889454
OK,40137,0.005537779966869586
OK,40139,0.002272077762398827
OK,40141,0.003964559395111544
OK,40143,0.2365454522478111
OK,40145,0.010367451433238015
OK,40147,0.046514839460171147
OK,40149,0.002202595251746295
OK,40151,2.5668423473981537e-05
OK,40153,0.008207068340569312
OR,41001,0.006976812383770499
OR,41003,0.004424784610467158
OR,41005,0.07193402937721151
OR,41007,0.03472915526540889
OR,41009,0.05817740833574007
OR,41011,0.0027391640196680806
OR,41013,0.00486057091073397
OR,41015,0.001033963588911386
OR,41017,0.028452105123767148
OR,41019,0.006263976111163493
OR,41021,0.0
OR,41023,0.0013535557364219742
OR,41025,0.0003578085049428573
OR,41027,0.004425992510677571
OR,41029,0.025803716153444855
OR,41031,0.03437167722310926
OR,41033,0.013265067328194057
OR,41035,0.024370905817829944
OR,41037,0.0007780665316699079
OR,41039,0.07037112576384517
OR,41041,0.06029302389697154
OR,41043,0.03563506500427707
OR,41045,0.009854188764336335
OR,41047,0.03996321579084031
OR,41049,0.008721400129909913
OR,41051,0.17385260239302175
OR,41053,0.004423600692749335
OR,41055,0.0
OR,41057,0.007597680765146311
OR,41059,0.007593174114769958
OR,41061,0.00522273592863161
OR,41063,0.0003090025780002982
OR,41065,0.0007580711975587902
OR,41067,0.16544796391744326
OR,41069,0.0
OR,41071,0.0856383895293657
PA,42001,0.006535279089976483
PA,42003,0.07903213671361288
PA,42005,0.0012913952614657595
PA,42007,0.022033490919516625
PA,42009,0.0037448671273754178
PA,42011,0.038781218691602004
PA,42013,0.012362138725042838
PA,42015,0.03169138023969046
PA,42017,0.03868124876818958
PA,42019,0.034935231907133275
PA,42021,0.009965683943693475
PA,42023,0.0009172651749394822
PA,42025,0.000726860864884589
PA,42027,0.0027086156375235237
PA,42029,0.023665311731573623
PA,42031,0.006417596609228551
PA,42033,0.003919649514498421
PA,42035,0.00215534336335666
PA,42037,0.013078159965612225
PA,42039,0.008957182226824898
PA,42041,0.022596609952641514
PA,42043,0.024040746554959417
PA,42045,0.008346336234440265
PA,42047,0.006099082047303949
PA,42049,0.017878926604825693
PA,42051,0.006126445596592384
PA,42053,0.0006269299358449465
PA,42055,0.007290013563732529
PA,42057,0.0018235552006152212
PA,42059,0.00020642258663533
PA,42061,0.0013253475802673946
PA,42063,0.00235680768947296
PA,42065,0.006762566981946519
PA,42067,0.004544560276876998
PA,42069,0.011350833818957668
PA,42071,0.053878262095999704
PA,42073,0.00828137847541977
PA,42075,0.02175258406364677
PA,42077,0.019609299779005076
PA,42079,0.027875477140491673
PA,42081,0.01406881784600128
PA,42083,0.027512529008062333
PA,42085,0.04490363511399475
PA,42087,0.0063628047134379005
PA,42089,0.0022463716136083937
PA,42091,0.04372328340754211
PA,42093,0.0004699618453854281
PA,42095,0.02298862836305432
PA,42097,0.008051632236523994
PA,42099,0.001738885143632917
PA,42101,0.057264986479584626
PA,42103,0.0013193313800866206
PA,42105,0.0008255379283692824
PA,42107,0.037984576577918996
PA,42109,0.01379022984638377
PA,42111,0.0034276022922487535
PA,42113,4.624872910388806e-05
PA,42115,0.000666513226529362
PA,42117,0.004846794723632264
PA,42119,0.0027043924189793936
PA,42121,0.013252247274223024
PA,42123,0.009509043303300744
PA,42125,0.031974636807658274
PA,42127,0.0006744416983212747
PA,42129,0.030418142333003013
PA,42131,-0.0015429630928348638
PA,42133,0.02639944612683154
RI,44001,0.02291420890249418
RI,44003,0.0638167071757675
RI,44005,0.007975291733460097
RI,44007,0.5818974317860373
RI,44009,0.323396360402241
SC,45001,0.007349212038471113
SC,45003,0.05240201682647509
SC,45005,0.003210482259495609
SC,45007,0.04459925669830376
SC,45009,0.006541683383847301
SC,45011,0.005799334938150578
SC,45013,0.000831680422970803
SC,45015,0.06583273100714618
SC,45017,0.01467743867013892
SC,45019,0.03334361885018221
SC,45021,0.03743266934410662
SC,45023,0.0068862969975582375
SC,45025,0.021581510955747223
SC,45027,0.003806934848736854
SC,45029,0.003911276006974276
SC,45031,0.02361095974532478
SC,45033,0.005603208033318308
SC,45035,0.011284820051502035
SC,45037,0.008765382015249979
SC,45039,0.00420340488397217
SC,45041,0.022863986469133683
SC,45043,0.03370895567748691
SC,45045,0.07952842335861178
SC,45047,0.017623334937043558
SC,45049,0.0024817618062122704
SC,45051,0.004853592234975742
SC,45053,0.009969517461554625
SC,45055,0.023406440429646992
SC,45057,0.006114093016011267
SC,45059,0.017615893077622343
SC,45061,0.00032568576039971784
SC,45063,0.04264488348263818
SC,45065,0.0013013883828052483
SC,45067,0.0010805101996370946
SC,45069,0.027585871294069756
SC,45071,0.016298809882013366
SC,45073,0.03648698400330881
SC,45075,0.03325856278469303
SC,45077,0.021210197867614196
SC,45079,0.05938992409672328
SC,45081,0.007244039213839438
SC,45083,0.06609785407922356
SC,45085,0.019054751893735705
SC,45087,0.009486437482153123
SC,45089,0.0371887528986657
SC,45091,0.04150543023250868
SD,46003,0.03224886043859073
SD,46005,0.049144520526834094
SD,46007,0.0
SD,46009,0.017302899269196287
SD,46011,0.1111862829748269
SD,46013,0.1502765678695054
SD,46015,0.0008451617765452527
SD,46017,0.0
SD,46019,0.0025822087226275788
SD,46021,0.0010142552026740589
SD,46023,0.006480426749679807
SD,46025,0.00018182401952094354
SD,46027,0.004589802385765309
SD,46029,0.07879479260185936
SD,46031,0.0
SD,46033,0.0007789929453510399
SD,46035,0.017494605536380332
SD,46037,0.005538563281077133
SD,46039,0.002684270310111702
SD,46041,9.091200976047177e-05
SD,46043,0.0014688431522524518
SD,46045,0.016169529000967024
SD,46047,0.004460074114213015
SD,46049,0.00013403482001415743
SD,46051,0.014553944227666033
SD,46053,0.0011245384590373088
SD,46055,0.0019382400087556094
SD,46057,0.004459213599883304
SD,46059,0.005939246875926606
SD,46061,0.00047448200843428173
SD,46063,0.0
SD,46065,0.0010145871429390033
SD,46067,0.00470626914610282
SD,46069,0.0
SD,46071,0.0
SD,46073,0.023585253998329652
SD,46075,0.0
SD,46077,0.0015022342981206185
SD,46079,0.025974672197526374
SD,46081,0.024722228124577767
SD,46083,0.045307496169748586
SD,46085,0.0
SD,46087,0.00038354029700479313
SD,46089,0.0010233859492860134
SD,46091,0.004270971301222002
SD,46093,0.004776072280343597
SD,46095,0.0
SD,46097,0.0011820091181851942
SD,46099,0.11770823644447967
SD,46101,0.002709178433980387
SD,46102,9.755266297111272e-05
SD,46103,0.08342435392194475
SD,46105,0.0016625124509870941
SD,46107,0.0010142552026740589
SD,46109,0.009876210167221915
SD,46111,0.0020890299345330465
SD,46115,0.007850102427576807
SD,46117,9.091200976047177e-05
SD,46119,0.0007984391195113843
SD,46121,0.0003310233867938612
SD,46123,0.0011330912649790074
SD,46125,0.031173596391608663
SD,46127,0.006562437814842966
SD,46129,0.00018846467273158447
SD,46135,0.06279387877280011
SD,46137,9.091200976047177e-05
TN,47001,0.015909841154182317
TN,47003,0.004983194769956683
TN,47005,0.0009502837509960197
TN,47007,0.00011799562726491563
TN,47009,0.009454112064061685
TN,47011,0.01384417796999398
TN,47013,0.0036225309389951877
TN,47015,0.00028812350197239306
TN,47017,0.006712519057447695
TN,47019,0.00301688197879754
TN,47021,0.002594952408784022
TN,47023,0.0003105323584279783
TN,47025,0.003123056829896611
TN,47027,0.0005953454449462985
TN,47029,0.006977484782254717
TN,47031,0.0034782161425409705
TN,47033,0.0020972982941262048
TN,47035,0.006568926665677547
TN,47037,0.08011127686092158
TN,47039,0.0003547707275883181
TN,47041,0.0006636850112725563
TN,47043,0.011520592634156836
TN,47045,0.007067376717217925
TN,47047,0.004888838410372995
TN,47049,0.0005963395142609125
TN,47051,0.005203912356675296
TN,47053,0.0030244107932169305
TN,47055,0.0032938222002088496
TN,47057,0.001838122093975744
TN,47059,0.007967274886831827
TN,47061,0.00014340766773428254
TN,47063,0.01258878757664196
TN,47065,0.1767477613549708
TN,47067,0.0
TN,47069,0.0016192279222651262
TN,47071,0.01603295461057283
TN,47073,0.006474773460613749
TN,47075,0.0018305387417504964
TN,47077,0.01351368996700102
TN,47079,0.002912669783320086
TN,47081,0.00034036944119547906
TN,47083,0.000300837838479021
TN,47085,0.002094982965010684
TN,47087,0.0002632728550664413
TN,47089,0.0035911102795799566
TN,47091,0.0011816985235263734
TN,47093,0.026086224068406848
TN,47095,0.0
TN,47097,0.0050532100014487194
TN,47099,0.0016245750434451724
TN,47101,0.0007808076512766953
TN,47103,0.002014404996070529
TN,47105,0.04712722717312933
TN,47107,0.054248013546064844
TN,47109,0.001891346898551801
TN,47111,0.0016915426996573512
TN,47113,0.026241034214899445
TN,47115,0.002590228769001955
TN,47117,0.004499697733512918
TN,47119,0.016745547589034796
TN,47121,0.0025460386425368913
TN,47123,0.010019681357798422
TN,47125,0.030028221835746025
TN,47127,0.001776742789166127
TN,47129,0.0009364616510430935
TN,47131,0.0043352615461248935
TN,47133,0.001162507215986719
TN,47135,0.001961986925269153
TN,47137,6.20538326691008e-05
TN,47139,0.00020877013706837585
TN,47141,0.004396266674933596
TN,47143,0.006289606156253295
TN,47145,0.0017238398947428079
TN,47147,0.00960403877519529
TN,47149,0.013808631725964674
TN,47151,0.0027049487570517485
TN,47153,0.00017387862606937977
TN,47155,0.0020608974219522677
TN,47157,0.14577322922798305
TN,47159,0.0011024190020289119
TN,47161,0.0020703181652109545
TN,47163,0.03746526126244503
TN,47165,0.015785234131732932
TN,47167,0.007117210978656577
TN,47169,0.00019431453784409956
TN,47171,0.022726579223171076
TN,47173,0.000946380304132521
TN,47175,0.00037366719940721063
TN,47177,0.0059756965368903125
TN,47179,0.008263109466769574
TN,47181,0.0010934777670352416
TN,47183,0.0023009136227731533
TN,47185,0.0037186420618132124
TN,47187,0.0029901428220089287
TN,47189,0.0068977304052740334
TX,48001,7.693798486767572e-05
TX,48003,0.00021812291654480323
TX,48005,0.0042644743083829284
TX,48007,1.690640878613213e-05
TX,48009,8.975367828231953e-05
TX,48011,0.0
TX,48013,0.00014172677798090285
TX,48015,0.0010761148197147294
TX,48017,4.913613228238393e-05
TX,48019,1.7785468841226208e-05
TX,48021,0.0014284781128137683
TX,48023,3.2368405032087546e-05
TX,48025,2.35019942499167e-05
TX,48027,0.00762982291268119
TX,48029,0.05934444340199629
TX,48031,6.823100930877461e-05
TX,48033,0.0
TX,48035,0.00038026363855246615
TX,48037,0.0018618334376575018
TX,48039,0.04469803560547179
TX,48041,0.003989005461267609
TX,48043,7.610969268093003e-05
TX,48045,5.7336514596357635e-06
TX,48047,0.0
TX,48049,0.0025008794493957998
TX,48051,0.00038765421200393597
TX,48053,0.0003401932608401448
TX,48055,0.00029753818706757635
TX,48057,0.01809201649520866
TX,48059,0.00013994017825537744
TX,48061,0.002690776118460588
TX,48063,3.569040774404105e-05
TX,48065,8.68642729058653e-05
TX,48067,0.0033246765352272657
TX,48069,0.0008647068672382945
TX,48071,0.010622529375019528
TX,48073,0.0019542773721850765
TX,48075,0.0
TX,48077,5.697930807503162e-05
TX,48079,1.4329476221744382e-06
TX,48081,2.7002510735205786e-05
TX,48083,4.984064476197572e-05
TX,48085,0.013638771311714655
TX,48087,2.826037676008998e-05
TX,48089,0.0012889248214102112
TX,48091,0.003705757584613522
TX,48093,8.68495750255243e-05
TX,48095,8.601407674922652e-06
TX,48097,0.0012342907310985273
TX,48099,0.00013451305508297876
TX,48101,1.4329476221744382e-06
TX,48103,0.0
TX,48105,8.717642913773136e-07
TX,48107,2.773501127528463e-05
TX,48109,0.0
TX,48111,4.67669352172913e-05
TX,48113,0.06490922172251726
TX,48115,1.931457017895613e-05
TX,48117,0.0007149086227610132
TX,48119,0.0
TX,48121,0.00443500955398979
TX,48123,0.0009725640604891419
TX,48125,1.4329476221744382e-06
TX,48127,6.681238894509292e-06
TX,48129,5.5546360452857185e-05
TX,48131,1.4329476221744382e-06
TX,48133,0.000588000553299571
TX,48135,0.002481919297032218
TX,48137,0.0
TX,48139,0.01843747828168527
TX,48141,0.037257829173921266
TX,48143,0.002175819108358392
TX,48145,0.0002074916244824228
TX,48147,0.0004088919914742608
TX,48149,0.001179217235547832
TX,48151,5.5381705076743454e-05
TX,48153,1.3632277512095717e-05
TX,48155,1.7435285827546272e-06
TX,48157,0.02895491356886364
TX,48159,7.409078058571189e-05
TX,48161,4.27330036709663e-05
TX,48163,1.4329476221744382e-06
TX,48165,5.3536753005468984e-05
TX,48167,0.029815002856742857
TX,48169,2.9009168849531758e-05
TX,48171,0.00023542806425809137
TX,48173,0.0
TX,48175,2.1127745365994087e-05
TX,48177,0.0014562535437713715
TX,48179,0.0009263267182337094
TX,48181,0.012241432741446463
TX,48183,0.010560025433928751
TX,48185,0.001840985473573709
TX,48187,0.01162077855597415
TX,48189,0.0006250927898640341
TX,48191,3.7578650774170815e-06
TX,48193,0.0004139984476785291
TX,48195,2.8658952443488764e-06
TX,48197,0.0001901895282387653
TX,48199,0.0030489066274252442
TX,48201,0.2265966008680274
TX,48203,0.002301400457457622
TX,48205,2.7002510735205786e-05
TX,48207,5.400502147041157e-05
TX,48209,0.0018413537808028987
TX,48211,5.7336514596357635e-06
TX,48213,0.001464009314242598
TX,48215,0.009849244917006408
TX,48217,0.0006056696078980009
TX,48219,0.00010714040702307253
TX,48221,0.0004359376062947122
TX,48223,0.0018651647448460966
TX,48225,0.0007153996733668945
TX,48227,0.005265894333747647
TX,48229,0.0
TX,48231,0.0017872201009386487
TX,48233,0.007664921046499408
TX,48235,0.0
TX,48237,5.080367659010399e-06
TX,48239,0.0024679449500647167
TX,48241,0.006482707995285991
TX,48243,0.0
TX,48245,0.019578884332903876
TX,48247,1.4329476221744382e-06
TX,48249,0.0002501122069766502
TX,48251,0.0038483320112404876
TX,48253,5.695469452334242e-05
TX,48255,0.0002027572278437552
TX,48257,0.005154769763638518
TX,48259,0.0008083229767627227
TX,48261,0.0
TX,48263,0.0
TX,48265,0.0003028182787523295
TX,48267,0.0028172827257804
TX,48269,0.0
TX,48271,0.0
TX,48273,0.0001216560827712707
TX,48275,0.0
TX,48277,0.0019112744605434974
TX,48279,0.0009521271782012203
TX,48281,0.0005370464937591478
TX,48283,0.0
TX,48285,0.007080263247835031
TX,48287,0.0005370451659318258
TX,48289,0.004484538394083191
TX,48291,0.004608124816851977
TX,48293,0.0009057268325773176
TX,48295,0.000654585537815348
TX,48297,0.006739391124833209
TX,48299,3.613406630228655e-05
TX,48301,0.0
TX,48303,0.004349166992004034
TX,48305,2.909032956134953e-05
TX,48307,0.00031530038339619274
TX,48309,0.00881451567171604
TX,48311,0.0
TX,48313,3.953248254215585e-05
TX,48315,0.0006704066688015977
TX,48317,2.006658114325976e-06
TX,48319,1.5721844333002244e-05
TX,48321,0.004986785142082584
TX,48323,0.00031047368732017237
TX,48325,0.0002752034758888091
TX,48327,2.7002510735205786e-05
TX,48329,0.0028649483811366257
TX,48331,0.00014905900438768086
TX,48333,6.193809661161254e-05
TX,48335,3.3717633439101985e-06
TX,48337,0.00019207047415790464
TX,48339,0.00816844017117031
TX,48341,0.006172783570278236
TX,48343,0.0034353118082820805
TX,48345,2.7576221227357324e-05
TX,48347,0.002574088408280123
TX,48349,0.0022922225626549725
TX,48351,0.00010478696018892075
TX,48353,0.001140614577099964
TX,48355,0.027330171033693233
TX,48357,5.834174044617924e-05
TX,48359,0.0
TX,48361,0.02773397260699303
TX,48363,0.0005949254936777387
TX,48365,0.0013788032980987068
TX,48367,0.0015932428660598266
TX,48369,0.0003687218314959185
TX,48371,0.0
TX,48373,0.0003877075417010459
TX,48375,0.012074905856088636
TX,48377,0.0
TX,48379,1.0147630557288778e-05
TX,48381,0.009072793409624446
TX,48383,0.0
TX,48385,0.0003423987440181412
TX,48387,0.00011784565841823182
TX,48389,2.243835245262905e-06
TX,48391,3.530751184641527e-05
TX,48393,0.0
TX,48395,2.6735646657019582e-05
TX,48397,0.0018776846227756081
TX,48399,0.00017183355599258244
TX,48401,0.0012690226151730196
TX,48403,0.001643730438654585
TX,48405,2.16932318147616e-05
TX,48407,3.4044297618169667e-05
TX,48409,0.008341553518004434
TX,48411,7.14867606734571e-05
TX,48413,1.5656396210087946e-05
TX,48415,3.0004733108580138e-05
TX,48417,4.117454577754699e-05
TX,48419,0.0005878739122656465
TX,48421,2.7002510735205786e-05
TX,48423,0.010490947511721792
TX,48425,5.473752201049041e-05
TX,48427,1.029847146337715e-05
TX,48429,0.00019078071396324412
TX,48431,5.73710492151538e-07
TX,48433,0.0
TX,48435,2.5235012222751743e-05
TX,48437,6.359833865044532e-05
TX,48439,0.03880011603741829
TX,48441,0.0011553773017756832
TX,48443,0.0
TX,48445,4.181239841976405e-06
TX,48447,0.0
TX,48449,0.003182572714085093
TX,48451,0.002853924685272698
TX,48453,0.02290577436558742
TX,48455,3.25002375881415e-05
TX,48457,0.00012866645045743065
TX,48459,9.465361216390938e-05
TX,48461,0.0
TX,48463,0.0007189339262640485
TX,48465,0.00019908562045724645
TX,48467,0.0002076852590388127
TX,48469,0.0007967032375816083
TX,48471,0.00042648133445630953
TX,48473,0.0015112358016253968
TX,48475,7.047135086325282e-06
TX,48477,0.004391138346400787
TX,48479,0.00023558999673391765
TX,48481,0.0010121861363692087
TX,48483,3.2441616602066386e-05
TX,48485,0.005659965273202477
TX,48487,0.001361274280530601
TX,48489,8.254887118806297e-05
TX,48491,0.0038271687534824185
TX,48493,0.00010975332285845604
TX,48495,5.5546360452857185e-05
TX,48497,0.000497013377120206
TX,48499,0.0009164720009630688
TX,48501,3.416295466728926e-05
TX,48503,0.0010526056710916034
TX,48505,0.0
TX,48507,0.00020960239368659288
UT,49001,0.0005867864868036362
UT,49003,0.17265312557429646
UT,49005,0.07352376037227316
UT,49007,0.0005319921449866887
UT,49009,0.0
UT,49011,0.10086122782739332
UT,49013,0.0005339890387581525
UT,49015,3.321574662817426e-05
UT,49017,4.365730933885308e-05
UT,49019,0.00010771377886993941
UT,49021,0.04499700098007026
UT,49023,0.0029966520744838954
UT,49025,0.000220436695415278
UT,49027,0.011713600852505656
UT,49029,0.007483655270811442
UT,49031,0.0
UT,49033,0.0
UT,49035,0.2480720084564302
UT,49037,0.009095869528805627
UT,49039,0.011616936743169298
UT,49041,0.0007949402993219456
UT,49043,0.002038958750137391
UT,49045,0.13706376435625847
UT,49047,0.0012352879293149868
UT,49049,0.1339154721055875
UT,49051,0.001791740619687571
UT,49053,0.005695073834575333
UT,49055,0.00033027156975325714
UT,49057,0.03206286165432354
VT,50001,0.02570453528260014
VT,50003,0.124658658750844
VT,50005,0.17592262944007644
VT,50007,0.17126130866555445
VT,50009,0.008337735878423957
VT,50011,0.08851489694413088
VT,50013,0.001019439418975863
VT,50015,0.010581209768669953
VT,50017,0.011027036165454541
VT,50019,0.013933769504335829
VT,50021,0.1068249678346812
VT,50023,0.03574761008378723
VT,50025,0.1297382401663344
VT,50027,0.09672796209613119
VA,51001,0.0033721119667977856
VA,51003,0.008423260185129332
VA,51005,0.0004813340629723561
VA,51007,0.0002366614680081997
VA,51009,0.008692117910435225
VA,51011,0.0003605190462652546
VA,51013,0.0002077236401364258
VA,51015,0.008559134400174404
VA,51017,4.585826066821432e-05
VA,51019,0.030386570768188695
VA,51021,0.002414598563799443
VA,51023,0.03608231857078045
VA,51025,0.0004174642874438546
VA,51027,0.0004531860507772664
VA,51029,0.00017215164619423283
VA,51031,0.019439365358269702
VA,51033,0.00017598041021391276
VA,51035,0.004667050334884725
VA,51036,0.00034587783118713856
VA,51037,0.0014318813209877421
VA,51041,0.08432984843686853
VA,51043,0.0027727016993775136
VA,51045,5.778393316812996e-06
VA,51047,0.0055084555497874
VA,51049,0.00011159300592232476
VA,51051,9.739351022214228e-05
VA,51053,0.01571415844947263
VA,51057,0.0010758515948678942
VA,51059,0.01125213004705139
VA,51061,0.0024035908815491173
VA,51063,0.002153904988700856
VA,51065,0.00016566679130960635
VA,51067,0.01822794348611608
VA,51069,0.012812771699934812
VA,51071,0.007627186694607001
VA,51073,0.0001233271464355317
VA,51075,9.169468840175942e-05
VA,51077,0.0018444784912487783
VA,51079,0.0011411698206950985
VA,51081,0.0024264998580114778
VA,51083,0.008084295846093107
VA,51085,0.024714967893099064
VA,51087,0.014806042128532603
VA,51089,0.019728447207653568
VA,51091,0.00011896953018281802
VA,51093,0.023112436909856423
VA,51095,0.009924092171182489
VA,51097,0.00045369357050830723
VA,51099,0.0002453905866146149
VA,51101,0.009644812862193326
VA,51103,0.00015561233473351325
VA,51105,0.0001530975070827436
VA,51107,0.0063676116971468555
VA,51109,0.0033730077805570434
VA,51111,0.01228899242788472
VA,51113,0.00026097947464703803
VA,51115,0.0004901926652022497
VA,51117,0.01260361739645254
VA,51119,0.00019006733123166586
VA,51121,0.007341102694663197
VA,51125,0.0009115822457564699
VA,51127,0.00022721901267788443
VA,51131,1.6316117462706924e-05
VA,51133,0.003372270608184297
VA,51135,0.001649382362527907
VA,51137,0.006667448234754072
VA,51139,0.0017037650946046703
VA,51141,0.008328960180092573
VA,51143,0.02288606960078436
VA,51145,0.00011881043884080335
VA,51147,0.0010326791569222726
VA,51149,0.003582073364759177
VA,51153,0.0018595032317856232
VA,51155,0.019994300851214376
VA,51157,8.74565665260622e-05
VA,51159,6.053573296482426e-05
VA,51161,0.007161039574843335
VA,51163,0.007469178629456563
VA,51165,0.07232892295355257
VA,51167,0.0017575534402576771
VA,51169,0.001227878943161046
VA,51171,0.025452802349309835
VA,51173,0.005231133311118123
VA,51175,0.0017179042279980101
VA,51177,0.0033155672528690982
VA,51179,0.0008063474590814518
VA,51181,0.00014807922889827584
VA,51183,0.0006461849532838536
VA,51185,0.002190075690179666
VA,51187,0.0014314995452132922
VA,51191,0.014123916064929085
VA,51193,0.00023186841171456282
VA,51195,0.0007311695447920914
VA,51197,0.007016946539834923
VA,51199,0.0001864243092163129
VA,51510,0.0011976556512104729
VA,51520,0.004540416615688148
VA,51530,0.004077712890146384
VA,51540,0.0006248551100874846
VA,51550,0.00480369722345087
VA,51570,0.00017360189476661012
VA,51580,0.04464619966564773
VA,51590,0.028899486383506676
VA,51595,0.0019730200216770276
VA,51600,0.00010791580465024102
VA,51610,5.5238719400789105e-05
VA,51620,3.860704666660616e-05
VA,51630,0.0002925745064071955
VA,51640,0.006301635532338047
VA,51650,0.002512813549649613
VA,51660,0.004187209843776357
VA,51670,0.020006342988421667
VA,51678,3.13453014364132e-05
VA,51680,0.0445547439166019
VA,51683,0.009313887404134124
VA,51685,0.0002635671568210487
VA,51690,0.0047726443904950846
VA,51700,0.005209205236936954
VA,51710,0.004374113230633813
VA,51720,0.0020128723280012453
VA,51730,0.005971378417474216
VA,51735,1.7342684357344432e-05
VA,51740,0.0018692885499911448
VA,51750,0.008353667376527948
VA,51760,0.044571392712028826
VA,51770,0.021127588005379398
VA,51775,0.011620157402724268
VA,51790,0.0004335420708677247
VA,51800,0.0009215255834025868
VA,51810,0.009994109226950319
VA,51820,0.011373380408084166
VA,51830,0.00012199164247578232
VA,51840,0.012671666944886875
WA,53001,0.003911922921605674
WA,53003,0.0004037353783750062
WA,53005,0.057965808293640564
WA,53007,0.009032294195439414
WA,53009,0.03219301113904678
WA,53011,0.0747943212526068
WA,53013,0.0004092996208881633
WA,53015,0.10045592076393965
WA,53017,0.00023827680540931237
WA,53019,0.0006299218807304741
WA,53021,0.015011260034365268
WA,53023,0.0
WA,53025,0.034682412306545896
WA,53027,0.021030096995382445
WA,53029,0.0015577877191882369
WA,53031,0.01704409746822451
WA,53033,0.21344794484398427
WA,53035,0.004539258406123335
WA,53037,0.002400085149936496
WA,53039,0.0008013183565544742
WA,53041,0.00962608134647418
WA,53043,0.00022867888669426907
WA,53045,0.005118603560220324
WA,53047,0.0026166238644561284
WA,53049,0.0009173178039201254
WA,53051,0.030830573138882957
WA,53053,0.07161493861144051
WA,53055,0.0008506618005263596
WA,53057,0.02413094989105394
WA,53059,0.0007546058780394313
WA,53061,0.03922185200924835
WA,53063,0.07994401671043666
WA,53065,0.003638486373292555
WA,53067,0.006003022382721031
WA,53069,0.00023579948747074318
WA,53071,0.024182002056006156
WA,53073,0.05669356614315215
WA,53075,0.0007579760885355313
WA,53077,0.05208547043544174
WV,54001,0.0005993943885209137
WV,54003,0.02592483759542221
WV,54005,5.547949255994925e-05
WV,54007,0.0042322200508182655
WV,54009,0.03289608207364034
WV,54011,0.06230962831318797
WV,54013,6.665012635954802e-05
WV,54015,7.170519890326427e-05
WV,54017,3.1538667626294264e-05
WV,54019,0.027233175588278074
WV,54021,0.0006022058376239748
WV,54023,0.004031591506716137
WV,54025,0.003997319622238454
WV,54027,0.0007617133954965781
WV,54029,0.13579499105886444
WV,54031,0.10801775041333599
WV,54033,0.010679867238373103
WV,54035,0.009699217391857622
WV,54037,0.01026585563270446
WV,54039,0.061771039917832095
WV,54041,0.0010397091466977956
WV,54043,0.00012103409542726953
WV,54045,0.002137375396427845
WV,54047,3.9702576615909954e-05
WV,54049,0.07342835003500252
WV,54051,0.05337149224720458
WV,54053,0.02038369260217261
WV,54055,0.002315675469635921
WV,54057,0.003047832867826776
WV,54059,0.00023971184659012313
WV,54061,0.011186732715130857
WV,54063,9.608205281222555e-05
WV,54065,0.0004015199040054593
WV,54067,0.0072388814741047225
WV,54069,0.022377462883335152
WV,54071,0.0009030255796377446
WV,54073,0.008219835766335806
WV,54075,0.00154527289379544
WV,54077,0.004809413429586062
WV,54079,0.005166327674754381
WV,54081,0.004210197336034886
WV,54083,0.10071349824342217
WV,54085,0.008220830415091937
WV,54087,0.001253425043169251
WV,54089,5.714591727077316e-05
WV,54091,0.0014727372151556008
WV,54093,0.0040554026396468915
WV,54095,0.018204157293529647
WV,54097,0.005778766161687013
WV,54099,0.007540248422796703
WV,54101,0.0009854108009207318
WV,54103,0.0608355245148008
WV,54105,0.00041580419264414476
WV,54107,0.06907630910638436
WV,54109,6.914852998622512e-05
WI,55001,0.00035323518929637716
WI,55003,0.0007500420544157156
WI,55005,0.006306230154702875
WI,55007,0.00023569692568956136
WI,55009,0.09954837445053646
WI,55011,0.00023233947422405133
WI,55013,0.0007245166722070305
WI,55015,0.006816888272117449
WI,55017,0.009494774924295122
WI,55019,0.005842116661152666
WI,55021,0.00783063429205567
WI,55023,0.0021435675112196177
WI,55025,0.027239902278543685
WI,55027,0.018645254721184532
WI,55029,0.0015731948461300673
WI,55031,0.06856286545117453
WI,55033,0.004228649926070886
WI,55035,0.022199620166784374
WI,55037,0.0002135747237977465
WI,55039,0.012262503466699298
WI,55041,0.0006489446921062026
WI,55043,0.0033280624462805595
WI,55045,0.00775620095386577
WI,55047,0.0017905284764897283
WI,55049,0.0009762296451151138
WI,55051,0.00017376416517031528
WI,55053,0.00040035644387338866
WI,55055,0.013394560355396415
WI,55057,0.0036084691945480634
WI,55059,0.009835916093722297
WI,55061,0.0025997636985601994
WI,55063,0.013925157778066558
WI,55065,0.0008901064068013032
WI,55067,0.002304827691532701
WI,55069,0.025938744774802944
WI,55071,0.02068572716532526
WI,55073,0.04581813321318386
WI,55075,0.00848035771978814
WI,55077,0.002058958153783059
WI,55078,1.1936702415815493e-05
WI,55079,0.07186051106441986
WI,55081,0.007168929716243192
WI,55083,0.007630955017271556
WI,55085,0.006570987326408252
WI,55087,0.03792125219991603
WI,55089,0.04232527193530833
WI,55091,0.0001708194507488895
WI,55093,0.0015277793704427858
WI,55095,0.005759224439744472
WI,55097,0.019583161205696625
WI,55099,0.011433500488717347
WI,55101,0.014542997012756033
WI,55103,0.0024490505820455254
WI,55105,0.012360646114515738
WI,55107,0.009774752980420064
WI,55109,0.007538420150106853
WI,55111,0.01242839090584603
WI,55113,0.0015464147260721996
WI,55115,0.007351222158677944
WI,55117,0.038273535186981636
WI,55119,0.008836655441845073
WI,55121,0.005398490734063131
WI,55123,0.004381654540655659
WI,55125,0.0004830119485564767
WI,55127,0.00991303649666289
WI,55129,0.0016087134141028016
WI,55131,0.01866669844003231
WI,55133,0.07032268208592976
WI,55135,0.011589356586436804
WI,55137,0.0012135269046583642
WI,55139,0.045839403370345574
WI,55141,0.0436982200712464
WY,56001,0.02205228560356533
WY,56003,0.018130775067239913
WY,56005,0.0029647037265235782
WY,56007,0.12066252622689846
WY,56009,0.048884170292455814
WY,56011,0.0017417862239285844
WY,56013,0.01131186997450236
WY,56015,0.011574102426749219
WY,56017,0.00041241618627119533
WY,56019,0.0011324498484423513
WY,56021,0.10553252360386949
WY,56023,0.04550025730309916
WY,56025,0.054793426540547724
WY,56027,2.895442273000921e-05
WY,56029,0.006604581899852629
WY,56031,0.0005191908582891454
WY,56033,0.0023643636849747037
WY,56035,0.00010789286589832611
WY,56037,0.46107181284979737
WY,56039,0.0017972240450106535
WY,56041,0.02390231723523578
WY,56043,0.010751077368143685
WY,56045,0.04815929174597446
